id,first_name,last_name,email,phone_number,date_of_birth,billing_address_street_number,billing_address_street_name,billing_address_street_suffix,billing_address_city,billing_address_state,billing_address_country,billing_address_postcode,current_shipping_address_street_number,current_shipping_address_street_name,current_shipping_address_street_suffix,current_shipping_address_city,current_shipping_address_state,current_shipping_address_country,current_shipping_address_postcode,current_payment_method
1,Nat,Gooble,ngooble0@cnbc.com,917-930-6511,31/03/1979,8,Linden,Plaza,New York City,New York,United States,10165,182,Gina,Terrace,Lexington,Kentucky,United States,40546,Bank Transfer
2,Elsy,Leinweber,eleinweber1@odnoklassniki.ru,309-757-8012,06/07/1973,7443,Jana,Avenue,Bloomington,Illinois,United States,61709,8,Shopko,Lane,Mobile,Alabama,United States,36616,Apple Pay
3,Miriam,Wickersham,mwickersham2@techcrunch.com,334-356-1954,23/02/1981,2,Schiller,Circle,Montgomery,Alabama,United States,36114,67,Becker,Pass,Houston,Texas,United States,77281,Credit Card
4,Reagen,Sciusscietto,rsciusscietto3@example.com,302-865-6036,19/03/1987,0575,Gale,Avenue,Newark,Delaware,United States,19725,5,Delladonna,Terrace,El Paso,Texas,United States,79984,Cash
5,Patten,Korneluk,pkorneluk4@amazon.de,954-531-9036,12/05/1977,33797,Lakewood,Hill,Miami,Florida,United States,33169,6,Lawn,Alley,Atlanta,Georgia,United States,30386,Google Pay
6,Chrystel,Kettlestring,ckettlestring5@whitehouse.gov,801-399-0339,19/07/1978,3,Sunnyside,Trail,Salt Lake City,Utah,United States,84152,8,Stone Corner,Alley,New York City,New York,United States,10014,Apple Pay
7,Theodosia,Glyssanne,tglyssanne6@com.com,501-249-9392,13/12/1982,48827,Scott,Place,North Little Rock,Arkansas,United States,72118,93488,Jenna,Park,Rochester,New York,United States,14639,Cheque
8,Jackquelin,Jenking,jjenking7@discuz.net,914-917-6402,22/01/1979,50856,Merrick,Circle,Mount Vernon,New York,United States,10557,61,Sherman,Junction,Salt Lake City,Utah,United States,84110,Credit Card
9,Kerwinn,Andrivot,kandrivot8@stanford.edu,239-287-7684,28/05/1992,23,Onsgard,Place,Naples,Florida,United States,34114,6396,Eliot,Terrace,Palm Bay,Florida,United States,32909,Bank Transfer
10,Brigid,Pisculli,bpisculli9@mayoclinic.com,713-721-4555,30/09/1972,81414,Brickson Park,Hill,Houston,Texas,United States,77212,38,Granby,Way,Stamford,Connecticut,United States,06922,Cheque
11,Fifi,McBryde,fmcbrydea@mit.edu,502-821-9270,23/12/2001,8,Kedzie,Crossing,Louisville,Kentucky,United States,40225,7201,Fairview,Center,Nashville,Tennessee,United States,37235,Cash
12,Riva,Gryglewski,rgryglewskib@homestead.com,812-235-1598,22/09/1988,26,Lien,Circle,Evansville,Indiana,United States,47747,64175,Huxley,Road,Detroit,Michigan,United States,48275,Cash
13,Lusa,Antonignetti,lantonignettic@yandex.ru,405-854-3407,04/07/1975,052,Walton,Circle,Edmond,Oklahoma,United States,73034,07,Carioca,Street,Houston,Texas,United States,77288,Debit Card
14,Kelsy,Stammer,kstammerd@umn.edu,361-111-4117,16/06/2002,3,Sachs,Court,Corpus Christi,Texas,United States,78465,13634,Fairview,Parkway,New York City,New York,United States,10099,Google Pay
15,Catlaina,Lassen,classene@oakley.com,239-386-1750,01/06/1981,056,Northridge,Lane,Naples,Florida,United States,34114,156,Union,Street,Fort Worth,Texas,United States,76178,Bank Transfer
16,Manfred,Altree,maltreef@4shared.com,240-656-6336,23/04/1980,79531,Maywood,Center,Hagerstown,Maryland,United States,21747,304,Dakota,Trail,Phoenix,Arizona,United States,85030,Credit Card
17,Rollin,Ortelt,rorteltg@jalbum.net,321-235-1870,16/06/1997,95,Northfield,Park,Melbourne,Florida,United States,32919,8,Arapahoe,Alley,Fort Myers,Florida,United States,33906,Cheque
18,Floria,Sabathier,fsabathierh@posterous.com,816-543-1558,06/10/2003,6585,Arrowood,Point,Kansas City,Missouri,United States,64149,5070,Havey,Terrace,San Francisco,California,United States,94126,Debit Card
19,Garold,Curme,gcurmei@dailymail.co.uk,616-281-1567,06/01/1979,81,Briar Crest,Way,Grand Rapids,Michigan,United States,49544,2,Mitchell,Circle,Tacoma,Washington,United States,98481,Google Pay
20,Ingemar,Bonwick,ibonwickj@cargocollective.com,503-874-2630,08/11/1990,47,Arrowood,Park,Salem,Oregon,United States,97306,11,Pierstorff,Drive,Miami,Florida,United States,33169,Bank Transfer
21,Alena,Serridge,aserridgek@studiopress.com,724-303-1794,04/10/1991,8,Tennyson,Terrace,New Castle,Pennsylvania,United States,16107,6,Prairie Rose,Terrace,Atlanta,Georgia,United States,30358,Debit Card
22,Lowell,Sebrens,lsebrensl@ning.com,210-817-6023,12/05/1992,43621,Alpine,Way,San Antonio,Texas,United States,78220,97739,Forest Dale,Road,Huntington,West Virginia,United States,25775,Debit Card
23,Kris,Hradsky,khradskym@reverbnation.com,912-915-7799,10/05/1990,35663,Washington,Plaza,Savannah,Georgia,United States,31410,24724,Charing Cross,Way,Hartford,Connecticut,United States,06120,Google Pay
24,Dorita,Knowlys,dknowlysn@networkadvertising.org,334-591-5274,18/04/1984,172,Cambridge,Junction,Montgomery,Alabama,United States,36104,0047,8th,Avenue,Los Angeles,California,United States,90035,Apple Pay
25,Welbie,Phelipeaux,wphelipeauxo@prweb.com,212-935-6193,07/12/1972,950,Corry,Street,New York City,New York,United States,10275,9,Londonderry,Circle,Arlington,Texas,United States,76004,Bank Transfer
26,Rosalinda,McGeagh,rmcgeaghp@washingtonpost.com,915-757-6387,03/03/1971,1,Onsgard,Center,El Paso,Texas,United States,88579,59,International,Trail,Fresno,California,United States,93773,Google Pay
27,Nicoline,Corssen,ncorssenq@nymag.com,850-633-2514,20/11/1972,607,Butternut,Lane,Tallahassee,Florida,United States,32399,04374,Evergreen,Terrace,Philadelphia,Pennsylvania,United States,19109,Credit Card
28,Rowland,Friel,rfrielr@dyndns.org,763-624-2088,25/02/1985,3326,Duke,Trail,Monticello,Minnesota,United States,55585,1,Thackeray,Avenue,Orlando,Florida,United States,32891,Apple Pay
29,Siana,Bendan,sbendans@t-online.de,213-592-5862,18/02/1999,16,Browning,Drive,Los Angeles,California,United States,90035,169,Susan,Plaza,New Orleans,Louisiana,United States,70187,Cash
30,Jeanette,Karchewski,jkarchewskit@apple.com,626-717-1870,24/06/1983,20,Prairie Rose,Court,Pasadena,California,United States,91109,57,Elka,Alley,Savannah,Georgia,United States,31416,Bank Transfer
31,Jerrie,Sappson,jsappsonu@ustream.tv,352-914-5760,23/06/1989,5724,Burrows,Plaza,Ocala,Florida,United States,34479,6446,Goodland,Alley,Las Vegas,Nevada,United States,89130,Apple Pay
32,Almeta,Moss,amossv@toplist.cz,602-607-0621,06/07/1998,3410,Kennedy,Terrace,Phoenix,Arizona,United States,85083,3545,Hudson,Plaza,Cincinnati,Ohio,United States,45218,Cheque
33,Malina,McInnes,mmcinnesw@mapquest.com,212-297-5349,15/01/1971,9,John Wall,Circle,Jamaica,New York,United States,11431,714,Mariners Cove,Lane,Pittsburgh,Pennsylvania,United States,15274,Google Pay
34,Ram,Vales,rvalesx@behance.net,816-299-7255,21/01/1985,77,Holy Cross,Hill,Kansas City,Missouri,United States,64149,258,7th,Hill,Lafayette,Louisiana,United States,70505,Apple Pay
35,Ariel,Rushton,arushtony@privacy.gov.au,201-676-6259,28/02/1973,0067,Commercial,Point,Paterson,New Jersey,United States,07522,8,Gale,Way,Albany,New York,United States,12232,Credit Card
36,Harriot,Malatalant,hmalatalantz@ucsd.edu,202-155-1186,10/09/1993,3,Harbort,Plaza,Washington,District of Columbia,United States,20503,9,Raven,Terrace,Charleston,West Virginia,United States,25321,Bank Transfer
37,Hershel,Renshall,hrenshall10@cisco.com,570-939-1777,11/02/1998,04,Mallard,Alley,Wilkes Barre,Pennsylvania,United States,18706,49,Amoth,Plaza,Abilene,Texas,United States,79605,Bank Transfer
38,Billy,Philcox,bphilcox11@fema.gov,765-565-5082,28/07/1976,3723,1st,Street,Muncie,Indiana,United States,47306,76479,Banding,Lane,Little Rock,Arkansas,United States,72209,Debit Card
39,Dmitri,Tromans,dtromans12@webs.com,978-488-2434,05/08/1973,7551,Northport,Crossing,Watertown,Massachusetts,United States,02472,662,Loeprich,Circle,Tallahassee,Florida,United States,32304,Bank Transfer
40,Angelina,Succamore,asuccamore13@nsw.gov.au,336-546-2227,04/06/1973,20003,Twin Pines,Alley,Winston Salem,North Carolina,United States,27116,90661,Maywood,Park,Omaha,Nebraska,United States,68197,Apple Pay
41,Sumner,Stanfield,sstanfield14@purevolume.com,336-522-7015,28/01/2002,6306,Stang,Park,Winston Salem,North Carolina,United States,27157,4095,Nova,Avenue,Atlanta,Georgia,United States,31106,Debit Card
42,Kimberli,Guillem,kguillem15@house.gov,608-477-3586,21/10/2002,8,Grim,Plaza,Madison,Wisconsin,United States,53785,1,Bluestem,Park,Louisville,Kentucky,United States,40298,Google Pay
43,Trevar,Ferrieri,tferrieri16@marriott.com,205-934-5782,24/01/1982,82486,Talmadge,Alley,Birmingham,Alabama,United States,35279,634,Morningstar,Terrace,Indianapolis,Indiana,United States,46207,Google Pay
44,Kristen,Stowe,kstowe17@51.la,214-668-6526,25/02/1986,20,Magdeline,Junction,Dallas,Texas,United States,75358,35,Columbus,Drive,Davenport,Iowa,United States,52809,Cash
45,Lisle,Trainer,ltrainer18@house.gov,909-591-4530,06/07/1982,040,Buhler,Junction,San Bernardino,California,United States,92424,53599,Fallview,Alley,Norfolk,Virginia,United States,23509,Google Pay
46,Horten,Burles,hburles19@pinterest.com,858-506-5401,20/12/1978,2157,Schurz,Way,San Diego,California,United States,92110,37,Mifflin,Road,Riverside,California,United States,92505,Debit Card
47,Jedidiah,Brambill,jbrambill1a@clickbank.net,312-889-9063,31/12/1971,8317,Oakridge,Hill,Chicago,Illinois,United States,60619,774,Shasta,Court,Wilmington,Delaware,United States,19810,Bank Transfer
48,Wilton,Migheli,wmigheli1b@springer.com,512-520-8078,29/06/1970,39567,Merry,Road,Austin,Texas,United States,78754,700,Artisan,Place,Allentown,Pennsylvania,United States,18105,Debit Card
49,Lock,Burnitt,lburnitt1c@altervista.org,713-126-3500,23/03/1990,2,Arkansas,Hill,Houston,Texas,United States,77223,225,Briar Crest,Alley,Fort Lauderdale,Florida,United States,33310,Cheque
50,Allen,Gregore,agregore1d@feedburner.com,571-328-9530,24/01/2003,72927,Larry,Center,Fairfax,Virginia,United States,22036,47,Spenser,Alley,New York City,New York,United States,10184,Credit Card
51,Andrei,Matussov,amatussov1e@symantec.com,413-865-3140,26/11/1983,55719,Laurel,Drive,Springfield,Massachusetts,United States,01152,9,Elka,Road,South Lake Tahoe,California,United States,96154,Bank Transfer
52,Nelli,Schiesterl,nschiesterl1f@etsy.com,754-519-6864,08/04/1986,50328,Washington,Lane,Fort Lauderdale,Florida,United States,33345,68784,Briar Crest,Way,Allentown,Pennsylvania,United States,18105,Credit Card
53,Anna-diana,Rosenwald,arosenwald1g@cpanel.net,602-611-1899,29/06/1974,1,Westport,Pass,Mesa,Arizona,United States,85215,4,Village,Pass,Houston,Texas,United States,77090,Apple Pay
54,Herman,Jenicke,hjenicke1h@sina.com.cn,571-138-5574,21/09/1980,71834,Lunder,Road,Dulles,Virginia,United States,20189,50867,Atwood,Way,Gastonia,North Carolina,United States,28055,Cash
55,Aubrey,Garter,agarter1i@chron.com,559-984-2699,10/09/1996,95954,Golf View,Point,Fresno,California,United States,93726,34293,La Follette,Lane,Anchorage,Alaska,United States,99599,Bank Transfer
56,Sandra,Morson,smorson1j@quantcast.com,515-626-7327,20/11/1984,69791,Scoville,Drive,Des Moines,Iowa,United States,50330,4849,Roxbury,Plaza,Kansas City,Missouri,United States,64199,Cheque
57,Gusti,Andreu,gandreu1k@europa.eu,806-241-5706,25/07/1994,0,Autumn Leaf,Pass,Amarillo,Texas,United States,79118,127,Randy,Terrace,Duluth,Georgia,United States,30096,Debit Card
58,Barrett,Sheals,bsheals1l@utexas.edu,757-450-6556,06/02/1980,81033,Sherman,Crossing,Norfolk,Virginia,United States,23551,0,Glacier Hill,Way,Seattle,Washington,United States,98127,Cheque
59,Ella,Reiglar,ereiglar1m@freewebs.com,406-880-6563,24/06/1975,1,Del Mar,Alley,Billings,Montana,United States,59105,55,Ridgeway,Avenue,Tulsa,Oklahoma,United States,74126,Cheque
60,Riobard,Brook,rbrook1n@vkontakte.ru,305-571-8371,13/04/1974,5419,Anderson,Junction,Miami,Florida,United States,33283,07,Hagan,Center,Redwood City,California,United States,94064,Debit Card
61,Jayson,Kempson,jkempson1o@bloglovin.com,317-130-1462,27/03/2003,4781,Mcbride,Drive,Indianapolis,Indiana,United States,46278,773,Sachs,Street,Philadelphia,Pennsylvania,United States,19196,Debit Card
62,Nickolai,Matitiaho,nmatitiaho1p@uiuc.edu,712-697-7801,04/04/1973,88879,Basil,Trail,Sioux City,Iowa,United States,51105,84866,Farwell,Plaza,El Paso,Texas,United States,79977,Credit Card
63,Kerri,Bowton,kbowton1q@examiner.com,201-963-8061,06/07/1996,2,Anthes,Avenue,Paterson,New Jersey,United States,07522,34804,Summerview,Hill,Albany,New York,United States,12222,Google Pay
64,Leticia,Conrath,lconrath1r@blogspot.com,816-632-5721,19/10/1977,9,Rusk,Street,Kansas City,Missouri,United States,64125,4,Pond,Junction,Pittsburgh,Pennsylvania,United States,15240,Credit Card
65,Parrnell,Trundler,ptrundler1s@un.org,916-609-1849,17/02/1977,02722,Kropf,Court,Sacramento,California,United States,94250,5,Stang,Center,El Paso,Texas,United States,79989,Credit Card
66,Neila,Abramovicz,nabramovicz1t@addthis.com,706-808-0314,15/01/1989,388,Dapin,Drive,Athens,Georgia,United States,30610,6,Golf,Park,Hartford,Connecticut,United States,06145,Google Pay
67,Wolfy,O'Cassidy,wocassidy1u@sfgate.com,412-542-5831,05/03/1976,77961,Sundown,Road,Pittsburgh,Pennsylvania,United States,15215,53229,Kenwood,Parkway,Miami,Florida,United States,33153,Debit Card
68,Rustie,Lydden,rlydden1v@vistaprint.com,254-368-4183,25/02/1994,48164,Erie,Crossing,Gatesville,Texas,United States,76598,31385,Farwell,Street,Erie,Pennsylvania,United States,16565,Google Pay
69,Gus,Crackett,gcrackett1w@bravesites.com,903-217-3861,12/06/1991,8,Jenifer,Junction,Tyler,Texas,United States,75710,43,Lillian,Place,Gastonia,North Carolina,United States,28055,Credit Card
70,Ange,Breeze,abreeze1x@nsw.gov.au,585-122-5161,16/05/1986,6,Loftsgordon,Park,Rochester,New York,United States,14639,3,Lien,Drive,Colorado Springs,Colorado,United States,80940,Apple Pay
71,Rex,Isaq,risaq1y@archive.org,318-278-4199,19/10/1996,1,Old Shore,Road,Shreveport,Louisiana,United States,71151,3,Blackbird,Crossing,Arlington,Virginia,United States,22205,Apple Pay
72,Aleta,Bartol,abartol1z@nature.com,937-819-5391,27/01/1976,98749,Nobel,Road,Dayton,Ohio,United States,45490,53888,Magdeline,Center,Los Angeles,California,United States,90010,Cheque
73,Iseabal,Acreman,iacreman20@reverbnation.com,801-106-8389,30/08/1974,7812,Springs,Point,Provo,Utah,United States,84605,38987,3rd,Way,Houston,Texas,United States,77040,Apple Pay
74,Cynthy,Tulleth,ctulleth21@sfgate.com,361-209-0501,03/01/2000,4,Knutson,Court,Corpus Christi,Texas,United States,78470,26667,Dunning,Avenue,Washington,District of Columbia,United States,20470,Credit Card
75,Aldis,Sturman,asturman22@multiply.com,606-764-9828,27/03/2001,2414,Vera,Way,London,Kentucky,United States,40745,075,Atwood,Lane,Baton Rouge,Louisiana,United States,70810,Debit Card
76,Margarita,Ivantyev,mivantyev23@si.edu,785-249-9034,06/03/1994,038,Crest Line,Avenue,Topeka,Kansas,United States,66611,7,Fair Oaks,Place,Houston,Texas,United States,77005,Cheque
77,Dov,Darridon,ddarridon24@noaa.gov,201-672-6088,11/03/1997,8,Montana,Alley,Jersey City,New Jersey,United States,07305,9774,Kenwood,Plaza,Arlington,Texas,United States,76004,Bank Transfer
78,Maisey,Sergean,msergean25@washingtonpost.com,706-545-5145,15/12/1983,0,Mitchell,Circle,Columbus,Georgia,United States,31998,9388,Oxford,Place,West Hartford,Connecticut,United States,06127,Google Pay
79,Andria,Needs,aneeds26@opensource.org,337-748-3996,14/11/1999,17472,Crescent Oaks,Terrace,Lafayette,Louisiana,United States,70593,2,Holmberg,Road,Seattle,Washington,United States,98140,Credit Card
80,Morry,Minucci,mminucci27@yale.edu,573-147-1640,21/12/1988,7281,Mcbride,Drive,Jefferson City,Missouri,United States,65105,17,Kennedy,Plaza,Phoenix,Arizona,United States,85067,Google Pay
81,Aaron,Gadson,agadson28@amazon.com,814-670-9530,08/05/1991,2622,Thackeray,Center,Erie,Pennsylvania,United States,16510,4,Carberry,Terrace,Saint Louis,Missouri,United States,63150,Google Pay
82,Goddard,Emmison,gemmison29@tuttocitta.it,607-515-7627,09/09/1993,21270,Buhler,Junction,Elmira,New York,United States,14905,3,Debra,Center,Washington,District of Columbia,United States,20575,Google Pay
83,Anestassia,Batisse,abatisse2a@sourceforge.net,563-802-9266,02/10/2000,1,Ryan,Alley,Davenport,Iowa,United States,52809,62,Ohio,Drive,Monroe,Louisiana,United States,71208,Credit Card
84,Jackquelin,Lamberts,jlamberts2b@fotki.com,208-670-2312,22/11/1974,5,Spohn,Park,Boise,Idaho,United States,83727,8764,Acker,Terrace,Albany,New York,United States,12227,Bank Transfer
85,Mikel,Vines,mvines2c@harvard.edu,910-876-2747,15/01/1974,41598,Arizona,Circle,Fayetteville,North Carolina,United States,28305,0,Delaware,Crossing,El Paso,Texas,United States,88553,Bank Transfer
86,Conroy,Placstone,cplacstone2d@wikipedia.org,520-451-7152,27/05/2000,4,Namekagon,Alley,Tucson,Arizona,United States,85710,7,Hazelcrest,Trail,Kansas City,Kansas,United States,66112,Apple Pay
87,Brook,Kenrat,bkenrat2e@addthis.com,828-905-0396,29/03/1986,536,Arrowood,Center,Asheville,North Carolina,United States,28805,053,Pond,Park,Berkeley,California,United States,94712,Cheque
88,Dotti,Kitteridge,dkitteridge2f@icq.com,303-675-4585,27/06/1972,31974,Stuart,Drive,Aurora,Colorado,United States,80044,94,Fremont,Lane,Houston,Texas,United States,77212,Debit Card
89,Randie,Tallis,rtallis2g@ft.com,225-233-7352,28/11/1971,96,Weeping Birch,Pass,Baton Rouge,Louisiana,United States,70810,1551,Myrtle,Point,Lubbock,Texas,United States,79452,Google Pay
90,Gan,Novotni,gnovotni2h@arizona.edu,214-286-7571,26/04/1972,2,Portage,Road,Garland,Texas,United States,75044,00,Granby,Road,El Paso,Texas,United States,88546,Cheque
91,Beatrix,Hadigate,bhadigate2i@ed.gov,619-498-6043,19/03/1974,99803,Westend,Center,San Diego,California,United States,92170,7591,Sunbrook,Alley,El Paso,Texas,United States,79977,Apple Pay
92,Shawnee,Redler,sredler2j@a8.net,719-675-0263,15/11/1976,2499,Summit,Pass,Pueblo,Colorado,United States,81010,0933,Columbus,Way,Tucson,Arizona,United States,85725,Cheque
93,Veriee,Kares,vkares2k@blinklist.com,785-179-6537,08/07/1997,3980,Thompson,Alley,Topeka,Kansas,United States,66606,161,Montana,Drive,Maple Plain,Minnesota,United States,55572,Debit Card
94,Carlita,Thrift,cthrift2l@washington.edu,602-907-7358,16/11/1998,3537,Thackeray,Trail,Glendale,Arizona,United States,85311,75,5th,Hill,Ogden,Utah,United States,84409,Cheque
95,Mei,Harrinson,mharrinson2m@fc2.com,559-414-5349,08/04/1987,602,Pond,Drive,Fullerton,California,United States,92640,8,Upham,Junction,New York City,New York,United States,10115,Apple Pay
96,Ronny,Heelis,rheelis2n@soup.io,303-895-5218,15/12/1973,30327,Spenser,Trail,Denver,Colorado,United States,80279,90,Clemons,Road,Durham,North Carolina,United States,27717,Apple Pay
97,Roland,Larrington,rlarrington2o@livejournal.com,754-950-2456,11/05/1990,29812,Mallory,Parkway,Pompano Beach,Florida,United States,33064,3,Stuart,Drive,Kansas City,Missouri,United States,64199,Google Pay
98,Eleanor,Sliney,esliney2p@mit.edu,832-187-4623,18/09/1983,57,Schmedeman,Point,Houston,Texas,United States,77090,2,Dovetail,Crossing,Madison,Wisconsin,United States,53790,Google Pay
99,Micheal,Denkin,mdenkin2q@washington.edu,251-448-0959,26/11/1984,61749,Parkside,Center,Mobile,Alabama,United States,36622,73838,Kenwood,Park,Oklahoma City,Oklahoma,United States,73167,Debit Card
100,Trenton,Bruckental,tbruckental2r@nyu.edu,843-424-0213,14/10/1973,95248,Ramsey,Crossing,Charleston,South Carolina,United States,29411,5,Westerfield,Place,Charleston,South Carolina,United States,29411,Bank Transfer
101,Daisie,Schulken,dschulken2s@addtoany.com,304-581-9337,13/05/1987,058,Petterle,Court,Huntington,West Virginia,United States,25716,96,Red Cloud,Hill,San Francisco,California,United States,94132,Cheque
102,Brandi,Kitley,bkitley2t@gizmodo.com,212-877-8351,11/05/1992,01,Butternut,Plaza,Jamaica,New York,United States,11499,50965,Hovde,Alley,Port Washington,New York,United States,11054,Debit Card
103,Humberto,Veschi,hveschi2u@symantec.com,716-962-4156,25/11/1988,70,Dayton,Avenue,Buffalo,New York,United States,14225,46,Hoepker,Lane,El Paso,Texas,United States,88514,Bank Transfer
104,Correna,Linskey,clinskey2v@bloglovin.com,913-767-1499,28/05/1981,41234,Springs,Street,Shawnee Mission,Kansas,United States,66225,0147,Burning Wood,Circle,New York City,New York,United States,10105,Credit Card
105,Linet,Arzu,larzu2w@wordpress.com,434-265-0927,01/05/2003,044,Bunker Hill,Street,Lynchburg,Virginia,United States,24515,8,Truax,Place,Gainesville,Florida,United States,32610,Cash
106,Art,Basnall,abasnall2x@ucoz.ru,973-855-0590,06/04/1985,606,Oxford,Trail,Newark,New Jersey,United States,07112,18,Thierer,Crossing,Silver Spring,Maryland,United States,20918,Bank Transfer
107,Brooke,Epton,bepton2y@yelp.com,231-399-9687,05/04/1970,44,1st,Lane,Muskegon,Michigan,United States,49444,94748,Lotheville,Lane,Bellevue,Washington,United States,98008,Apple Pay
108,Arlena,McCrachen,amccrachen2z@wikia.com,562-370-7783,22/04/1983,331,Haas,Park,Long Beach,California,United States,90840,61,Butterfield,Circle,Saint Petersburg,Florida,United States,33737,Cheque
109,Conrade,Jackett,cjackett30@oracle.com,804-807-7484,24/09/1975,65055,Schurz,Circle,Richmond,Virginia,United States,23208,70,Old Shore,Lane,Fort Lauderdale,Florida,United States,33355,Cash
110,Joannes,Cowern,jcowern31@cbsnews.com,213-175-4805,12/06/1998,32,Towne,Alley,Los Angeles,California,United States,90050,59,Vahlen,Lane,Washington,District of Columbia,United States,20575,Bank Transfer
111,Audre,Waldera,awaldera32@exblog.jp,404-299-0144,01/11/1992,9,Service,Trail,Atlanta,Georgia,United States,31196,51,8th,Court,Brooklyn,New York,United States,11254,Credit Card
112,Antonie,Shotton,ashotton33@vk.com,417-686-4684,14/01/1997,609,Nobel,Junction,Springfield,Missouri,United States,65898,1,Sullivan,Trail,Kansas City,Missouri,United States,64136,Google Pay
113,Yul,Lindfors,ylindfors34@mlb.com,210-215-9533,31/12/1991,597,Golf,Point,San Antonio,Texas,United States,78220,454,Meadow Vale,Circle,Amarillo,Texas,United States,79171,Credit Card
114,Sancho,Pim,spim35@loc.gov,757-724-3639,07/02/1999,8214,Union,Road,Portsmouth,Virginia,United States,23705,8,Lakewood,Center,Bronx,New York,United States,10474,Apple Pay
115,Alastair,Kubczak,akubczak36@uiuc.edu,702-606-1009,30/10/1981,26771,Gateway,Trail,Las Vegas,Nevada,United States,89145,4,Sutteridge,Hill,Cambridge,Massachusetts,United States,02142,Debit Card
116,Olin,Liccardo,oliccardo37@house.gov,706-979-3263,18/10/1970,38,La Follette,Center,Augusta,Georgia,United States,30919,93,Algoma,Drive,Baltimore,Maryland,United States,21281,Google Pay
117,Dotti,Toffaloni,dtoffaloni38@sohu.com,617-327-0559,12/01/2002,1504,Buhler,Road,Boston,Massachusetts,United States,02109,0819,Ludington,Park,Reno,Nevada,United States,89519,Google Pay
118,Dun,Parmby,dparmby39@amazon.co.uk,812-844-7096,04/04/1992,441,Elmside,Court,Evansville,Indiana,United States,47725,344,Banding,Road,Honolulu,Hawaii,United States,96845,Debit Card
119,Stefan,Cannicott,scannicott3a@ox.ac.uk,520-225-8297,01/07/1997,0,Quincy,Court,Tucson,Arizona,United States,85715,06447,Maple Wood,Street,Honolulu,Hawaii,United States,96850,Cash
120,Vanessa,Assante,vassante3b@xing.com,314-631-3016,05/10/2003,82880,Debs,Crossing,Saint Louis,Missouri,United States,63121,65738,Blue Bill Park,Point,Milwaukee,Wisconsin,United States,53277,Cash
121,Joana,Pelzer,jpelzer3c@cbslocal.com,505-181-6670,23/06/1986,644,Pearson,Way,Albuquerque,New Mexico,United States,87110,36778,Butternut,Court,Washington,District of Columbia,United States,56944,Google Pay
122,Ilse,Hance,ihance3d@state.tx.us,512-918-0076,28/08/1998,95,Manley,Avenue,Austin,Texas,United States,78783,754,Spaight,Pass,Orange,California,United States,92867,Google Pay
123,Toma,Feria,tferia3e@adobe.com,314-913-2612,17/10/1995,6946,Clemons,Street,Saint Louis,Missouri,United States,63121,360,Farragut,Avenue,Reno,Nevada,United States,89519,Apple Pay
124,Hope,Chanders,hchanders3f@icq.com,760-763-6801,30/07/1975,2,Sugar,Circle,San Bernardino,California,United States,92415,57,Haas,Avenue,Evansville,Indiana,United States,47712,Apple Pay
125,Aili,MacRirie,amacririe3g@google.es,202-466-6617,07/07/1995,9615,Vernon,Point,Washington,District of Columbia,United States,20580,7,Elmside,Center,Salinas,California,United States,93907,Cash
126,Dale,Novotne,dnovotne3h@youku.com,915-113-7172,07/04/1992,46,Northfield,Alley,El Paso,Texas,United States,79955,428,Jenifer,Parkway,Reno,Nevada,United States,89510,Cash
127,Robbert,Hoyt,rhoyt3i@economist.com,206-522-0779,12/03/1996,9,Beilfuss,Street,Seattle,Washington,United States,98195,24,Sachs,Road,Tempe,Arizona,United States,85284,Bank Transfer
128,Ambrosio,Franzelini,afranzelini3j@infoseek.co.jp,770-189-7101,07/06/1970,29,Redwing,Hill,Marietta,Georgia,United States,30061,8,Nova,Pass,Santa Barbara,California,United States,93150,Apple Pay
129,King,Spaunton,kspaunton3k@mail.ru,315-101-9481,26/09/1987,087,Meadow Valley,Court,Syracuse,New York,United States,13251,08105,Eagan,Crossing,Houston,Texas,United States,77020,Cash
130,Shandie,Brolly,sbrolly3l@latimes.com,707-561-5443,23/01/1976,7211,Dixon,Court,Petaluma,California,United States,94975,8162,Sunnyside,Parkway,Houston,Texas,United States,77060,Debit Card
131,Lela,Cosson,lcosson3m@uiuc.edu,646-509-9448,22/02/2004,3,Darwin,Road,New York City,New York,United States,10170,99,Porter,Road,Spartanburg,South Carolina,United States,29319,Credit Card
132,Karoly,Flucks,kflucks3n@barnesandnoble.com,206-702-3082,09/08/1973,6819,Talmadge,Road,Seattle,Washington,United States,98121,36,Dexter,Plaza,Pasadena,California,United States,91103,Debit Card
133,Oralle,Lapre,olapre3o@spiegel.de,305-495-5056,09/02/2003,1,Lerdahl,Parkway,Naples,Florida,United States,33961,1017,Mendota,Junction,Oakland,California,United States,94616,Cash
134,Shep,Calderon,scalderon3p@drupal.org,503-450-3636,24/01/1991,172,Schlimgen,Junction,Portland,Oregon,United States,97206,8,Fairfield,Circle,Chicago,Illinois,United States,60674,Bank Transfer
135,Celine,Gladding,cgladding3q@jimdo.com,305-446-5374,16/05/1971,8552,Anhalt,Avenue,Miami,Florida,United States,33175,036,Vernon,Point,Boise,Idaho,United States,83705,Apple Pay
136,Indira,Welfare,iwelfare3r@yelp.com,856-400-3615,18/02/1977,3251,Messerschmidt,Way,Camden,New Jersey,United States,08104,2,Sutteridge,Trail,Toledo,Ohio,United States,43656,Cheque
137,Reina,Cleyburn,rcleyburn3s@sphinn.com,651-928-3319,04/08/1971,26,Helena,Avenue,Saint Paul,Minnesota,United States,55103,2,Fieldstone,Circle,Peoria,Illinois,United States,61651,Google Pay
138,Kimberlyn,Gipps,kgipps3t@samsung.com,480-910-2207,08/12/1970,45,Meadow Ridge,Hill,Mesa,Arizona,United States,85210,581,Wayridge,Place,Arlington,Texas,United States,76096,Credit Card
139,Kristoffer,Trigwell,ktrigwell3u@slashdot.org,215-220-7561,28/08/1978,7,Crownhardt,Drive,Philadelphia,Pennsylvania,United States,19191,69,Loftsgordon,Hill,Las Vegas,Nevada,United States,89140,Cheque
140,Karalynn,Docksey,kdocksey3v@cnet.com,713-803-1130,31/08/1986,8163,Independence,Avenue,Houston,Texas,United States,77223,59,Oakridge,Circle,Los Angeles,California,United States,90094,Credit Card
141,Pattin,Pinnigar,ppinnigar3w@uiuc.edu,847-454-8676,16/11/2000,35615,Scoville,Avenue,Palatine,Illinois,United States,60078,0672,Butterfield,Road,Albuquerque,New Mexico,United States,87110,Cash
142,Maxy,Cicutto,mcicutto3x@google.es,602-492-6372,28/12/1976,51,East,Way,Phoenix,Arizona,United States,85062,1126,Eastlawn,Junction,Washington,District of Columbia,United States,20067,Bank Transfer
143,Washington,Picopp,wpicopp3y@google.nl,678-812-0818,01/12/1978,2783,Memorial,Circle,Lawrenceville,Georgia,United States,30045,64284,Coolidge,Road,Spartanburg,South Carolina,United States,29319,Google Pay
144,Darline,Morin,dmorin3z@walmart.com,303-390-3090,29/06/1997,5,Colorado,Pass,Denver,Colorado,United States,80243,02,Garrison,Street,Saginaw,Michigan,United States,48604,Credit Card
145,Putnam,Offner,poffner40@cnet.com,941-190-3924,22/01/2001,8564,Lyons,Court,Sarasota,Florida,United States,34238,12078,Mcguire,Plaza,New York City,New York,United States,10019,Bank Transfer
146,Vanny,Baysting,vbaysting41@sitemeter.com,701-811-3174,12/08/1975,8,Sunbrook,Parkway,Fargo,North Dakota,United States,58106,73502,Nova,Alley,Boston,Massachusetts,United States,02114,Cheque
147,Joane,Antonoyev,jantonoyev42@yellowbook.com,303-160-2829,23/09/1970,024,Killdeer,Street,Denver,Colorado,United States,80299,6136,Thompson,Parkway,Jersey City,New Jersey,United States,07310,Cheque
148,Ozzy,Itzig,oitzig43@livejournal.com,978-194-8474,21/10/1984,797,School,Center,Waltham,Massachusetts,United States,02453,07533,Cody,Street,Springfield,Massachusetts,United States,01129,Bank Transfer
149,Mario,Burker,mburker44@marriott.com,706-597-6932,03/09/1974,65995,1st,Crossing,Augusta,Georgia,United States,30905,591,Manufacturers,Avenue,Seattle,Washington,United States,98121,Cheque
150,Eda,Destouche,edestouche45@nyu.edu,318-197-8948,28/05/1985,5,Merchant,Junction,Monroe,Louisiana,United States,71208,20,1st,Lane,Buffalo,New York,United States,14210,Debit Card
151,Minetta,Rubin,mrubin46@utexas.edu,907-490-0784,23/03/1972,354,Myrtle,Circle,Anchorage,Alaska,United States,99517,9,Cottonwood,Way,Loretto,Minnesota,United States,55598,Cheque
152,Maxy,de Najera,mdenajera47@icq.com,813-828-2343,03/10/1981,584,Pawling,Way,Tampa,Florida,United States,33673,146,Corben,Way,Dallas,Texas,United States,75387,Cash
153,Neysa,Bootland,nbootland48@wikipedia.org,281-164-8420,27/08/1999,78577,Corben,Terrace,Houston,Texas,United States,77085,3,Bunting,Terrace,Carson City,Nevada,United States,89714,Cheque
154,Clementine,Loraine,cloraine49@netlog.com,203-879-2744,11/11/1990,2,Acker,Alley,Bridgeport,Connecticut,United States,06606,2667,Melvin,Hill,Houston,Texas,United States,77005,Google Pay
155,Angelita,Lambal,alambal4a@usda.gov,785-389-1062,08/07/1991,1910,Di Loreto,Crossing,Topeka,Kansas,United States,66667,2,Crowley,Parkway,Chesapeake,Virginia,United States,23324,Apple Pay
156,Clemente,Spirit,cspirit4b@tiny.cc,217-554-8561,26/01/1999,239,Karstens,Circle,Springfield,Illinois,United States,62756,17640,Dottie,Junction,Detroit,Michigan,United States,48267,Apple Pay
157,Baudoin,MacAdam,bmacadam4c@symantec.com,573-323-5346,18/01/1974,839,Havey,Crossing,Jefferson City,Missouri,United States,65105,2,Ridgeview,Terrace,Sacramento,California,United States,94286,Cash
158,Starla,O' Mullan,somullan4d@stanford.edu,832-785-3729,06/07/1982,97523,Loomis,Hill,Houston,Texas,United States,77015,1724,7th,Road,Salt Lake City,Utah,United States,84110,Apple Pay
159,Flin,Pearcey,fpearcey4e@ovh.net,516-368-4201,26/01/1979,4,Bowman,Lane,Jamaica,New York,United States,11407,50709,Bunting,Park,Port Washington,New York,United States,11054,Bank Transfer
160,Munroe,Tewkesberry,mtewkesberry4f@google.com,412-133-4891,03/06/1984,2866,Dixon,Lane,Pittsburgh,Pennsylvania,United States,15286,936,Fallview,Pass,Indianapolis,Indiana,United States,46295,Debit Card
161,Una,Aldington,ualdington4g@comcast.net,408-362-6989,10/11/1997,709,Katie,Circle,San Jose,California,United States,95118,1081,Warrior,Way,Sacramento,California,United States,94230,Apple Pay
162,Hyacinthie,Carle,hcarle4h@4shared.com,508-189-6324,19/04/1980,12,Coleman,Street,New Bedford,Massachusetts,United States,02745,4,Sherman,Pass,Santa Monica,California,United States,90410,Credit Card
163,Barbie,Francecione,bfrancecione4i@bravesites.com,719-250-2252,14/02/1975,2,Novick,Place,Colorado Springs,Colorado,United States,80930,4,Mandrake,Parkway,San Antonio,Texas,United States,78265,Cash
164,Adamo,Oertzen,aoertzen4j@noaa.gov,805-672-9641,14/10/2000,12,Harper,Plaza,Oxnard,California,United States,93034,51968,Mayer,Junction,Lynchburg,Virginia,United States,24515,Apple Pay
165,Earl,Haquin,ehaquin4k@walmart.com,661-378-5726,15/09/1989,09,Eliot,Parkway,Bakersfield,California,United States,93399,55,Pankratz,Junction,Roanoke,Virginia,United States,24029,Apple Pay
166,Raffaello,Rens,rrens4l@youtu.be,213-462-7823,05/07/1992,21756,Mesta,Way,Van Nuys,California,United States,91499,1651,Briar Crest,Hill,Garland,Texas,United States,75049,Bank Transfer
167,Sullivan,Ousley,sousley4m@imdb.com,260-921-9856,21/12/2000,445,Graedel,Circle,Fort Wayne,Indiana,United States,46896,5614,Nancy,Street,Atlanta,Georgia,United States,31196,Apple Pay
168,Clementina,Scholes,cscholes4n@businesswire.com,904-121-3710,24/12/1978,739,Anderson,Point,Jacksonville,Florida,United States,32220,674,Sauthoff,Crossing,Boulder,Colorado,United States,80328,Bank Transfer
169,Kettie,Austen,kausten4o@51.la,509-766-4510,03/08/2001,05424,Johnson,Place,Spokane,Washington,United States,99220,403,Welch,Point,Las Vegas,Nevada,United States,89155,Google Pay
170,Sholom,Duckhouse,sduckhouse4p@altervista.org,205-582-4461,24/08/1976,920,Annamark,Drive,Birmingham,Alabama,United States,35285,28226,Blackbird,Point,Lake Worth,Florida,United States,33467,Credit Card
171,Tawnya,Blinco,tblinco4q@networksolutions.com,865-636-7741,10/05/1974,62,North,Terrace,Knoxville,Tennessee,United States,37919,36079,Merrick,Street,Young America,Minnesota,United States,55573,Credit Card
172,Sarine,Blesli,sblesli4r@usgs.gov,760-833-4115,21/12/1972,987,Ridge Oak,Way,Oceanside,California,United States,92056,6728,Lunder,Park,San Diego,California,United States,92132,Cash
173,Laney,Hinkley,lhinkley4s@elegantthemes.com,225-867-6308,06/01/1991,528,High Crossing,Lane,Baton Rouge,Louisiana,United States,70820,190,Fuller,Street,Houston,Texas,United States,77060,Google Pay
174,Artie,Marfield,amarfield4t@deviantart.com,402-420-9437,05/11/1987,0,Clarendon,Drive,Omaha,Nebraska,United States,68124,17697,Meadow Vale,Road,Washington,District of Columbia,United States,20546,Apple Pay
175,Katinka,Mewton,kmewton4u@friendfeed.com,661-848-8194,21/04/1988,83,Toban,Place,Bakersfield,California,United States,93399,60,Oxford,Drive,Washington,District of Columbia,United States,56944,Google Pay
176,Boony,Dormand,bdormand4v@cdc.gov,214-788-5586,17/07/1985,83710,Almo,Point,Dallas,Texas,United States,75353,5037,Pond,Street,Lake Charles,Louisiana,United States,70607,Google Pay
177,Kylila,Easeman,keaseman4w@feedburner.com,405-822-0926,28/10/1977,05294,Annamark,Junction,Oklahoma City,Oklahoma,United States,73109,2288,Hermina,Alley,Honolulu,Hawaii,United States,96835,Cash
178,Padget,Scamel,pscamel4x@elegantthemes.com,915-828-9308,09/10/1990,989,High Crossing,Crossing,El Paso,Texas,United States,79923,7811,Hanson,Point,Whittier,California,United States,90605,Google Pay
179,Willie,Beuscher,wbeuscher4y@about.com,903-601-6677,14/06/1990,3321,Cody,Lane,Dallas,Texas,United States,75226,21714,Dayton,Terrace,Las Vegas,Nevada,United States,89120,Credit Card
180,Kristos,Gabbidon,kgabbidon4z@slashdot.org,702-168-8992,28/10/1992,3,Graedel,Way,Las Vegas,Nevada,United States,89155,226,Summerview,Terrace,Pittsburgh,Pennsylvania,United States,15274,Credit Card
181,Lyn,Cluitt,lcluitt50@feedburner.com,920-449-1757,29/04/1982,6,Sachtjen,Pass,Green Bay,Wisconsin,United States,54305,092,Northview,Place,Helena,Montana,United States,59623,Cash
182,Kordula,Broe,kbroe51@yelp.com,801-549-6999,10/03/1995,1062,Hollow Ridge,Way,Sandy,Utah,United States,84093,0,Johnson,Avenue,Los Angeles,California,United States,90005,Bank Transfer
183,Lind,Gedge,lgedge52@amazon.co.jp,775-912-8842,08/12/1993,012,Dexter,Road,Carson City,Nevada,United States,89706,80774,Springs,Circle,Phoenix,Arizona,United States,85067,Cash
184,Anton,Wilstead,awilstead53@wikia.com,714-472-6598,26/06/1995,11,Carberry,Plaza,Irvine,California,United States,92710,746,Cardinal,Parkway,Lexington,Kentucky,United States,40546,Debit Card
185,Brier,Jest,bjest54@blogger.com,215-946-9283,13/10/1980,196,Pepper Wood,Point,Philadelphia,Pennsylvania,United States,19184,0,5th,Point,Salt Lake City,Utah,United States,84135,Cheque
186,Nefen,Gergler,ngergler55@php.net,940-253-7997,22/08/1978,59909,Vahlen,Drive,Denton,Texas,United States,76205,77285,Vahlen,Parkway,Shawnee Mission,Kansas,United States,66215,Cash
187,Tiffany,Toghill,ttoghill56@yahoo.co.jp,651-773-7494,31/08/2002,80,Wayridge,Trail,Saint Paul,Minnesota,United States,55108,10,Calypso,Road,Orlando,Florida,United States,32819,Debit Card
188,Devlin,Stenett,dstenett57@google.com.br,330-916-6212,20/05/1998,3441,Jana,Junction,Canton,Ohio,United States,44705,60,1st,Crossing,Washington,District of Columbia,United States,20220,Cheque
189,Job,Lascell,jlascell58@desdev.cn,213-517-5126,07/08/1992,13,Starling,Crossing,Los Angeles,California,United States,90189,7,Texas,Pass,Marietta,Georgia,United States,30066,Google Pay
190,Ashlen,Kilmartin,akilmartin59@bizjournals.com,818-686-4727,21/08/1999,3,Barnett,Drive,Northridge,California,United States,91328,2,Montana,Court,Des Moines,Iowa,United States,50310,Apple Pay
191,Valera,Peacham,vpeacham5a@ox.ac.uk,804-682-8882,03/01/1976,8,Straubel,Plaza,Richmond,Virginia,United States,23277,9,Ridgeway,Lane,Bridgeport,Connecticut,United States,06673,Debit Card
192,Ardyce,Wandrich,awandrich5b@discuz.net,304-588-6397,19/01/1979,6656,Annamark,Drive,Huntington,West Virginia,United States,25711,6,Pawling,Crossing,Louisville,Kentucky,United States,40266,Bank Transfer
193,Dalton,Cuesta,dcuesta5c@google.ca,813-848-2370,01/11/2001,91,Boyd,Trail,Tampa,Florida,United States,33686,3,Crownhardt,Drive,Peoria,Illinois,United States,61635,Cheque
194,Dom,Foston,dfoston5d@omniture.com,801-627-4757,07/01/1983,53361,Granby,Way,Salt Lake City,Utah,United States,84120,030,Pankratz,Way,Columbia,Missouri,United States,65218,Apple Pay
195,Moise,Strotone,mstrotone5e@yahoo.co.jp,714-441-2468,01/06/1972,8,Meadow Valley,Way,Anaheim,California,United States,92805,9986,Hermina,Alley,Bozeman,Montana,United States,59771,Cash
196,Electra,Gosson,egosson5f@goo.gl,281-663-7538,04/08/1988,7,Southridge,Plaza,Houston,Texas,United States,77293,25,Stuart,Lane,Baton Rouge,Louisiana,United States,70820,Apple Pay
197,Carita,Marjot,cmarjot5g@tinypic.com,508-213-5744,22/02/1983,9,Park Meadow,Circle,Worcester,Massachusetts,United States,01605,32495,Toban,Center,White Plains,New York,United States,10606,Cheque
198,Michaella,Getch,mgetch5h@miibeian.gov.cn,208-756-1168,16/07/1976,1,Birchwood,Drive,Boise,Idaho,United States,83705,6,Bashford,Terrace,Seattle,Washington,United States,98140,Debit Card
199,Eloise,Bleue,ebleue5i@exblog.jp,903-912-6093,25/12/1995,304,Katie,Junction,Texarkana,Texas,United States,75507,357,Logan,Park,Washington,District of Columbia,United States,20380,Bank Transfer
200,Rickey,Galliard,rgalliard5j@huffingtonpost.com,570-953-8878,07/08/1974,572,Thackeray,Drive,Scranton,Pennsylvania,United States,18514,72608,Morrow,Court,San Angelo,Texas,United States,76905,Credit Card
201,Noelyn,Danjoie,ndanjoie5k@reverbnation.com,850-156-9530,05/10/1975,9,Amoth,Terrace,Panama City,Florida,United States,32405,38,Calypso,Street,Houston,Texas,United States,77299,Cheque
202,Simmonds,Jahn,sjahn5l@comcast.net,-500-8760,30/11/1990,300,Donald,Alley,Pittsburgh,Pennsylvania,United States,15266,121,Union,Place,Fresno,California,United States,93750,Bank Transfer
203,Osbert,Westcott,owestcott5m@businessweek.com,763-425-9454,14/09/1994,90641,Forest Run,Circle,Minneapolis,Minnesota,United States,55428,9,Manitowish,Way,Tulsa,Oklahoma,United States,74184,Bank Transfer
204,Babita,Verbeke,bverbeke5n@businesswire.com,215-756-6680,16/12/1992,46,Ridgeway,Center,Philadelphia,Pennsylvania,United States,19178,342,Mockingbird,Point,Nashville,Tennessee,United States,37228,Apple Pay
205,Thedrick,Litt,tlitt5o@altervista.org,260-199-1310,14/10/1977,8,West,Pass,Fort Wayne,Indiana,United States,46814,55837,Amoth,Avenue,Houston,Texas,United States,77266,Cheque
206,Lorrin,Boame,lboame5p@alibaba.com,254-955-6639,04/01/1989,8808,Garrison,Hill,Waco,Texas,United States,76705,44332,Fieldstone,Crossing,Denver,Colorado,United States,80217,Debit Card
207,Hi,Lyngsted,hlyngsted5q@netlog.com,937-238-2592,22/06/1997,27285,Goodland,Street,Hamilton,Ohio,United States,45020,369,Dapin,Park,Akron,Ohio,United States,44321,Cash
208,Gusty,Pygott,gpygott5r@vistaprint.com,321-932-5776,23/07/1996,9,Oak,Crossing,Melbourne,Florida,United States,32919,04,Annamark,Terrace,Pittsburgh,Pennsylvania,United States,15250,Bank Transfer
209,Rory,Han,rhan5s@vinaora.com,937-475-3138,10/12/1994,1681,Monument,Drive,Dayton,Ohio,United States,45432,4,North,Trail,Greensboro,North Carolina,United States,27499,Cash
210,Craggy,Salandino,csalandino5t@nba.com,609-507-4588,30/05/2003,075,Eastwood,Parkway,Trenton,New Jersey,United States,08695,404,Summer Ridge,Pass,Kent,Washington,United States,98042,Apple Pay
211,Lonny,McGillivrie,lmcgillivrie5u@mit.edu,763-913-3896,11/07/1991,50046,Longview,Trail,Minneapolis,Minnesota,United States,55423,6,Union,Park,Fort Worth,Texas,United States,76198,Bank Transfer
212,Geoff,Haisell,ghaisell5v@typepad.com,254-409-2129,28/02/1971,76253,Rusk,Street,Waco,Texas,United States,76705,54,Heath,Point,Indianapolis,Indiana,United States,46207,Cash
213,Michaella,Bront,mbront5w@exblog.jp,704-761-1648,29/07/1992,80,Roth,Lane,Charlotte,North Carolina,United States,28230,42,Fairfield,Avenue,Columbia,South Carolina,United States,29215,Credit Card
214,Hope,Yeld,hyeld5x@census.gov,614-611-5822,03/08/1994,0,Pine View,Road,Columbus,Ohio,United States,43210,41,Atwood,Trail,Detroit,Michigan,United States,48258,Apple Pay
215,Bobine,Baudain,bbaudain5y@tiny.cc,323-636-6125,22/02/1977,617,Pennsylvania,Lane,Glendale,California,United States,91205,26,Toban,Lane,Sioux Falls,South Dakota,United States,57110,Credit Card
216,Filmore,Storrock,fstorrock5z@usgs.gov,843-164-8333,26/02/1981,1461,Sugar,Street,Florence,South Carolina,United States,29505,54979,Hansons,Circle,Omaha,Nebraska,United States,68134,Debit Card
217,Viviyan,Whitehouse,vwhitehouse60@apple.com,605-282-2877,19/12/1994,2,Sunnyside,Plaza,Sioux Falls,South Dakota,United States,57188,25,Nobel,Plaza,Kansas City,Missouri,United States,64160,Bank Transfer
218,Annabelle,Lilywhite,alilywhite61@mail.ru,616-804-8710,26/02/1990,43128,Bashford,Road,Grand Rapids,Michigan,United States,49505,31,Emmet,Crossing,Sacramento,California,United States,94263,Apple Pay
219,Tobit,Offen,toffen62@guardian.co.uk,941-330-7164,25/10/1973,2921,Southridge,Circle,Sarasota,Florida,United States,34233,022,Merry,Circle,San Jose,California,United States,95118,Cheque
220,Ellary,Bounds,ebounds63@nasa.gov,315-414-4267,05/05/1985,911,Badeau,Drive,Syracuse,New York,United States,13251,0103,Parkside,Circle,Orange,California,United States,92862,Google Pay
221,Wernher,Damsell,wdamsell64@sourceforge.net,719-419-1619,01/05/1989,86,Rockefeller,Way,Pueblo,Colorado,United States,81005,554,3rd,Road,Lafayette,Louisiana,United States,70593,Cash
222,Horace,Stanes,hstanes65@theglobeandmail.com,828-870-6197,12/06/1986,898,Chinook,Alley,Asheville,North Carolina,United States,28805,25007,Arizona,Trail,Louisville,Kentucky,United States,40210,Debit Card
223,Johnathan,Desborough,jdesborough66@t-online.de,713-399-3625,31/07/1978,895,Village Green,Plaza,Houston,Texas,United States,77245,55,Pennsylvania,Parkway,Hartford,Connecticut,United States,06105,Cash
224,Verna,Hicken,vhicken67@ezinearticles.com,303-925-6233,28/09/1977,7438,Leroy,Alley,Denver,Colorado,United States,80291,7777,Charing Cross,Way,Prescott,Arizona,United States,86305,Google Pay
225,Emeline,Olding,eolding68@google.com,410-982-6053,06/12/1982,55050,Moulton,Way,Baltimore,Maryland,United States,21239,31916,Meadow Vale,Center,Lynchburg,Virginia,United States,24515,Google Pay
226,Arley,Toping,atoping69@admin.ch,419-860-0734,28/08/1980,54,Jana,Park,Toledo,Ohio,United States,43615,5,Superior,Center,Bloomington,Indiana,United States,47405,Cheque
227,Ronni,Bunworth,rbunworth6a@wix.com,510-400-8518,08/06/1982,3,Northridge,Crossing,Oakland,California,United States,94616,77909,Riverside,Way,Carson City,Nevada,United States,89706,Bank Transfer
228,Shae,Basey,sbasey6b@prweb.com,228-372-5085,07/07/1988,773,Monterey,Drive,Gulfport,Mississippi,United States,39505,24,Little Fleur,Drive,Irvine,California,United States,92710,Cash
229,Shirley,Bosden,sbosden6c@dion.ne.jp,410-326-6014,19/08/1972,73106,Lakewood,Circle,Baltimore,Maryland,United States,21216,09,Clarendon,Park,Rockford,Illinois,United States,61110,Credit Card
230,Vin,Nevett,vnevett6d@imgur.com,857-439-7845,27/06/1987,306,Homewood,Way,Cambridge,Massachusetts,United States,02142,7746,Mitchell,Point,Kansas City,Missouri,United States,64149,Cheque
231,Nial,Hargate,nhargate6e@state.gov,212-209-3115,14/03/1979,09883,John Wall,Alley,New York City,New York,United States,10079,307,Dryden,Lane,Sioux Falls,South Dakota,United States,57198,Apple Pay
232,Renault,Ellacott,rellacott6f@accuweather.com,570-793-4218,03/04/2002,8,Buhler,Street,Scranton,Pennsylvania,United States,18505,515,Lunder,Trail,Sterling,Virginia,United States,20167,Credit Card
233,Sybilla,Quartermain,squartermain6g@vkontakte.ru,228-119-5238,12/04/1971,88226,Anhalt,Hill,Biloxi,Mississippi,United States,39534,817,Carioca,Court,Sacramento,California,United States,95833,Apple Pay
234,Olivier,Holyard,oholyard6h@kickstarter.com,608-155-5846,08/03/1988,32,Northport,Circle,Madison,Wisconsin,United States,53790,2,Pennsylvania,Place,Des Moines,Iowa,United States,50347,Bank Transfer
235,Meredith,Bruinemann,mbruinemann6i@tuttocitta.it,330-718-9693,02/07/1974,06,Eastwood,Drive,Youngstown,Ohio,United States,44505,76,Evergreen,Center,New York City,New York,United States,10009,Bank Transfer
236,Dale,McQuade,dmcquade6j@disqus.com,515-300-6212,12/11/1979,24,Maple Wood,Way,Des Moines,Iowa,United States,50315,4,Colorado,Place,Raleigh,North Carolina,United States,27626,Cash
237,Corrinne,Ripsher,cripsher6k@joomla.org,239-216-9312,07/06/1999,85,Chinook,Alley,Cape Coral,Florida,United States,33915,7474,Arizona,Alley,Mobile,Alabama,United States,36670,Bank Transfer
238,Mattias,Antrobus,mantrobus6l@digg.com,412-564-6260,12/05/1987,81389,Fair Oaks,Way,Pittsburgh,Pennsylvania,United States,15255,0,Schurz,Terrace,Houston,Texas,United States,77299,Cheque
239,Ryann,Jerzyk,rjerzyk6m@ebay.co.uk,757-133-1556,04/05/1971,72,Jay,Point,Hampton,Virginia,United States,23663,87248,3rd,Lane,Sacramento,California,United States,94245,Debit Card
240,Fairfax,Abele,fabele6n@wikipedia.org,202-296-2565,12/03/1999,4398,Ruskin,Center,Washington,District of Columbia,United States,20551,6,Schurz,Way,Irvine,California,United States,92710,Cheque
241,Barnett,Rendall,brendall6o@usnews.com,612-143-3010,16/09/1976,81,Lyons,Pass,Saint Paul,Minnesota,United States,55123,00064,Gina,Pass,Nashville,Tennessee,United States,37228,Cash
242,Rafaelia,Stoile,rstoile6p@bluehost.com,315-788-5423,24/07/1992,98505,Hazelcrest,Court,Utica,New York,United States,13505,9,Fulton,Terrace,Albuquerque,New Mexico,United States,87201,Credit Card
243,Van,Stoddard,vstoddard6q@constantcontact.com,765-211-3018,24/07/1974,8,Mallory,Alley,Anderson,Indiana,United States,46015,82659,Northport,Center,Tulsa,Oklahoma,United States,74184,Bank Transfer
244,Aile,Mordy,amordy6r@amazon.co.uk,601-477-8674,03/07/1987,88085,Amoth,Center,Jackson,Mississippi,United States,39296,62,Laurel,Road,Louisville,Kentucky,United States,40205,Cash
245,Kelvin,Fairhurst,kfairhurst6s@prweb.com,561-245-4423,29/06/1983,9408,Surrey,Pass,Lake Worth,Florida,United States,33462,0,Tennyson,Street,Indianapolis,Indiana,United States,46278,Google Pay
246,Orsola,Canty,ocanty6t@jimdo.com,202-690-2238,09/02/1984,17,Judy,Parkway,Washington,District of Columbia,United States,20456,927,Express,Drive,Palmdale,California,United States,93591,Google Pay
247,Stesha,Mityashin,smityashin6u@cdc.gov,571-803-5576,29/12/2001,63249,Warner,Road,Arlington,Virginia,United States,22205,1282,Hoffman,Terrace,Rochester,New York,United States,14609,Cheque
248,Etty,Legonidec,elegonidec6v@msu.edu,315-433-8887,20/09/1996,1326,Crowley,Center,Syracuse,New York,United States,13217,8,Bellgrove,Trail,Bethlehem,Pennsylvania,United States,18018,Credit Card
249,Lindy,Chisholme,lchisholme6w@reference.com,202-181-9283,16/05/1979,5,Esker,Street,Alexandria,Virginia,United States,22301,73055,Orin,Way,Portland,Oregon,United States,97201,Google Pay
250,Kitty,Strutz,kstrutz6x@php.net,414-106-5515,11/09/1990,36396,Dapin,Park,Milwaukee,Wisconsin,United States,53285,5128,Lunder,Place,Galveston,Texas,United States,77554,Cash
251,Joelynn,Sherebrook,jsherebrook6y@a8.net,951-650-8053,14/07/2003,410,Riverside,Pass,Riverside,California,United States,92513,70,Mandrake,Terrace,Harrisburg,Pennsylvania,United States,17121,Bank Transfer
252,Gal,Ricca,gricca6z@google.com.br,404-390-0952,03/05/1982,6616,Hazelcrest,Circle,Decatur,Georgia,United States,30089,60206,Paget,Road,Tulsa,Oklahoma,United States,74133,Apple Pay
253,Garvin,Hemphrey,ghemphrey70@mysql.com,812-374-4586,22/10/1994,466,Summit,Drive,Evansville,Indiana,United States,47712,23,Vernon,Way,Roanoke,Virginia,United States,24034,Debit Card
254,Rozanna,Bulloch,rbulloch71@businesswire.com,901-990-2334,06/03/1984,07,Schmedeman,Avenue,Memphis,Tennessee,United States,38188,42226,Mandrake,Place,Lynn,Massachusetts,United States,01905,Credit Card
255,Gib,Hicks,ghicks72@google.pl,207-390-7287,10/05/1983,0620,Columbus,Court,Portland,Maine,United States,04109,68936,Sunnyside,Street,Winter Haven,Florida,United States,33884,Cheque
256,Arlee,Ostridge,aostridge73@rakuten.co.jp,760-834-6543,19/05/1982,5,Onsgard,Street,Oceanside,California,United States,92056,436,Butterfield,Trail,Battle Creek,Michigan,United States,49018,Google Pay
257,Peirce,Pottle,ppottle74@eepurl.com,305-674-4039,27/09/1994,7757,Oak,Pass,Hollywood,Florida,United States,33028,26242,Grover,Crossing,Florence,South Carolina,United States,29505,Cheque
258,Ferrell,Mixhel,fmixhel75@mlb.com,831-761-5139,13/06/1973,1219,Lake View,Court,Salinas,California,United States,93907,98024,Lyons,Place,Washington,District of Columbia,United States,20067,Debit Card
259,Wilbur,Leslie,wleslie76@skyrock.com,412-353-9182,22/01/1999,8,Monterey,Pass,Pittsburgh,Pennsylvania,United States,15235,4497,Lien,Pass,Jamaica,New York,United States,11407,Bank Transfer
260,Pancho,Bernaciak,pbernaciak77@auda.org.au,812-139-5696,11/08/1987,10338,Oriole,Circle,Jeffersonville,Indiana,United States,47134,83,Springs,Trail,Brockton,Massachusetts,United States,02405,Credit Card
261,Sherie,Chattey,schattey78@wikipedia.org,402-977-9062,21/02/1982,74,Saint Paul,Trail,Lincoln,Nebraska,United States,68583,23,Maywood,Parkway,Tulsa,Oklahoma,United States,74126,Cash
262,Marnie,Cowlin,mcowlin79@dedecms.com,626-888-7003,16/01/2000,3,Rutledge,Trail,Pasadena,California,United States,91199,408,Schurz,Trail,Richmond,Virginia,United States,23203,Google Pay
263,Doll,Kuschel,dkuschel7a@angelfire.com,210-994-7723,10/03/1987,21,Burning Wood,Junction,San Antonio,Texas,United States,78215,19,Gerald,Street,Cincinnati,Ohio,United States,45264,Apple Pay
264,Ali,Pulman,apulman7b@cpanel.net,408-509-9683,13/11/1989,4119,Waubesa,Park,San Jose,California,United States,95128,21407,Lunder,Alley,Saint Paul,Minnesota,United States,55103,Cheque
265,Verine,Yonnie,vyonnie7c@vkontakte.ru,203-259-9182,29/04/1991,9952,Annamark,Terrace,Stamford,Connecticut,United States,06905,9307,Cordelia,Drive,Minneapolis,Minnesota,United States,55446,Cheque
266,Norris,Mattson,nmattson7d@ucoz.com,772-910-9349,10/03/1975,4,Milwaukee,Place,Port Saint Lucie,Florida,United States,34985,47,Sachtjen,Avenue,Cincinnati,Ohio,United States,45238,Cash
267,Marleen,Olliar,molliar7e@ca.gov,615-154-7002,21/06/1994,36,Kropf,Trail,Memphis,Tennessee,United States,38119,83770,Westridge,Way,Seattle,Washington,United States,98127,Apple Pay
268,Brigitta,Creelman,bcreelman7f@plala.or.jp,562-791-1675,16/04/1974,68,Colorado,Place,Long Beach,California,United States,90840,8,Steensland,Hill,Tacoma,Washington,United States,98424,Google Pay
269,Barr,Edwards,bedwards7g@sun.com,336-595-9268,25/06/1993,86,Grayhawk,Terrace,Greensboro,North Carolina,United States,27499,26,Gina,Avenue,Dallas,Texas,United States,75392,Credit Card
270,Gwenneth,Hemphrey,ghemphrey7h@blogtalkradio.com,617-677-7585,25/02/1986,6,Grover,Lane,Lynn,Massachusetts,United States,01905,25435,Montana,Circle,Dallas,Texas,United States,75260,Debit Card
271,Albrecht,Wallsworth,awallsworth7i@nifty.com,989-522-7561,26/04/1984,44008,Spenser,Terrace,Saginaw,Michigan,United States,48609,07341,Dottie,Way,San Diego,California,United States,92105,Google Pay
272,Serene,Skyppe,sskyppe7j@psu.edu,952-362-9787,25/04/1977,29,Autumn Leaf,Drive,Maple Plain,Minnesota,United States,55579,78897,Debra,Circle,Sioux Falls,South Dakota,United States,57110,Cheque
273,Adrianne,Weymouth,aweymouth7k@indiatimes.com,918-103-2209,27/03/1976,71992,Oneill,Park,Tulsa,Oklahoma,United States,74141,71,Portage,Parkway,Columbus,Ohio,United States,43240,Cash
274,Cassaundra,Rowesby,crowesby7l@w3.org,518-347-2207,31/07/1981,231,Del Sol,Crossing,Albany,New York,United States,12247,708,Golden Leaf,Trail,Milwaukee,Wisconsin,United States,53210,Cash
275,Geoffrey,Kleinsmuntz,gkleinsmuntz7m@sogou.com,646-380-5549,20/10/1990,128,Hooker,Pass,New York City,New York,United States,10060,40,Del Mar,Point,Waco,Texas,United States,76705,Bank Transfer
276,Trstram,Longford,tlongford7n@google.com,214-433-6928,31/05/1995,9533,Bluejay,Terrace,Dallas,Texas,United States,75265,00,Eastlawn,Plaza,Detroit,Michigan,United States,48217,Apple Pay
277,Taddeusz,Serotsky,tserotsky7o@so-net.ne.jp,405-820-4040,30/04/2002,1,Dovetail,Junction,Edmond,Oklahoma,United States,73034,41,Loomis,Crossing,Jacksonville,Florida,United States,32204,Cheque
278,Warner,Bridgstock,wbridgstock7p@amazon.co.uk,707-741-9894,17/02/2003,04774,Kinsman,Pass,Santa Rosa,California,United States,95405,03,Ramsey,Terrace,Las Vegas,Nevada,United States,89140,Google Pay
279,Rachael,Jenks,rjenks7q@sitemeter.com,352-256-8918,03/12/1990,73,Mccormick,Parkway,Ocala,Florida,United States,34474,469,Sheridan,Lane,Oklahoma City,Oklahoma,United States,73142,Debit Card
280,Drucill,Dummigan,ddummigan7r@trellian.com,202-127-0473,29/03/1981,1385,Kings,Lane,Washington,District of Columbia,United States,20231,617,3rd,Plaza,Hartford,Connecticut,United States,06160,Google Pay
281,Frankie,Pawlowicz,fpawlowicz7s@archive.org,212-542-4787,27/12/1977,8768,Del Mar,Park,Jamaica,New York,United States,11499,313,Eggendart,Park,Pittsburgh,Pennsylvania,United States,15279,Google Pay
282,Brennan,Remer,bremer7t@utexas.edu,405-220-8573,12/03/1996,1,Jenifer,Junction,Oklahoma City,Oklahoma,United States,73119,651,Karstens,Drive,Austin,Texas,United States,78715,Cash
283,Wilma,Tremathack,wtremathack7u@cisco.com,704-147-1865,05/06/1998,697,Redwing,Pass,Winston Salem,North Carolina,United States,27105,0,Hintze,Street,New York City,New York,United States,10150,Bank Transfer
284,Putnam,Cobbin,pcobbin7v@youtu.be,971-586-8087,30/07/1981,365,Summer Ridge,Trail,Portland,Oregon,United States,97271,9280,East,Crossing,San Diego,California,United States,92165,Apple Pay
285,Hinze,Cucuzza,hcucuzza7w@seesaa.net,314-909-9951,18/08/1993,3,Holy Cross,Hill,Saint Louis,Missouri,United States,63136,971,Welch,Point,Miami,Florida,United States,33158,Google Pay
286,Jonie,Sives,jsives7x@ezinearticles.com,505-156-7891,16/11/1993,95,Monument,Hill,Albuquerque,New Mexico,United States,87201,3918,Thackeray,Drive,Tyler,Texas,United States,75799,Cash
287,Jard,Danhel,jdanhel7y@digg.com,860-547-8317,26/11/1982,50155,Roth,Place,Hartford,Connecticut,United States,06140,262,Melrose,Trail,Fargo,North Dakota,United States,58122,Google Pay
288,Darbie,Malimoe,dmalimoe7z@china.com.cn,319-221-7701,17/03/1976,521,Waywood,Trail,Cedar Rapids,Iowa,United States,52405,621,Bowman,Place,Youngstown,Ohio,United States,44555,Cheque
289,Jermain,Rioch,jrioch80@deviantart.com,203-331-1222,30/06/1983,3001,Larry,Circle,Stamford,Connecticut,United States,06905,33744,Mccormick,Court,Huntsville,Alabama,United States,35810,Credit Card
290,Chico,Flemming,cflemming81@about.com,979-835-0412,04/03/1988,90,Fisk,Drive,College Station,Texas,United States,77844,37763,Warbler,Crossing,Reno,Nevada,United States,89550,Cheque
291,Janna,Beeckx,jbeeckx82@irs.gov,215-581-9595,19/07/1974,4,Darwin,Park,Philadelphia,Pennsylvania,United States,19172,4,Burning Wood,Point,Pasadena,California,United States,91199,Apple Pay
292,Aluino,Danilyuk,adanilyuk83@nbcnews.com,216-171-9440,10/10/1997,68641,Russell,Junction,Cleveland,Ohio,United States,44105,08,3rd,Circle,Shawnee Mission,Kansas,United States,66276,Debit Card
293,Maurise,Macer,mmacer84@pbs.org,785-120-3466,22/04/1979,8,Parkside,Terrace,Topeka,Kansas,United States,66617,4946,Barnett,Street,New Orleans,Louisiana,United States,70179,Debit Card
294,Kaile,Francombe,kfrancombe85@ning.com,812-795-4214,16/07/2000,68204,Di Loreto,Place,Terre Haute,Indiana,United States,47812,30876,Marcy,Alley,Paterson,New Jersey,United States,07544,Bank Transfer
295,Eugenius,Bellin,ebellin86@cnn.com,425-379-2465,29/04/1986,226,Nancy,Terrace,Everett,Washington,United States,98206,8,Carberry,Place,Sacramento,California,United States,94263,Debit Card
296,Gene,Texton,gtexton87@godaddy.com,918-341-9987,30/04/1984,13337,Moland,Way,Tulsa,Oklahoma,United States,74184,9187,Dennis,Junction,San Antonio,Texas,United States,78255,Cash
297,Karole,Korneluk,kkorneluk88@rambler.ru,386-914-0565,30/07/1980,416,Little Fleur,Center,Daytona Beach,Florida,United States,32128,94931,Fisk,Street,Newark,New Jersey,United States,07112,Apple Pay
298,Traci,Brissard,tbrissard89@mediafire.com,303-491-9089,05/04/1972,769,Bashford,Center,Denver,Colorado,United States,80291,6,Jenna,Drive,Albuquerque,New Mexico,United States,87140,Cash
299,Malachi,Bertie,mbertie8a@xinhuanet.com,802-417-7055,04/12/1997,29219,Grover,Street,Montpelier,Vermont,United States,05609,44480,Anzinger,Alley,Grand Rapids,Michigan,United States,49544,Google Pay
300,Selina,Anmore,sanmore8b@infoseek.co.jp,760-580-4855,01/07/1973,988,6th,Road,Orange,California,United States,92668,3,Ridgeway,Parkway,Pasadena,California,United States,91103,Bank Transfer
301,Tiler,Spelling,tspelling8c@pen.io,253-649-5725,15/04/1977,3954,Morrow,Place,Olympia,Washington,United States,98516,62646,Thierer,Alley,Burbank,California,United States,91505,Debit Card
302,Kris,Suttill,ksuttill8d@yahoo.com,423-386-6083,14/09/1997,136,Upham,Lane,Chattanooga,Tennessee,United States,37450,4,Oriole,Place,Concord,California,United States,94522,Google Pay
303,Emanuele,MacAscaidh,emacascaidh8e@acquirethisname.com,215-214-1314,30/05/1975,81463,Hooker,Lane,Philadelphia,Pennsylvania,United States,19184,9366,Corscot,Junction,Minneapolis,Minnesota,United States,55441,Google Pay
304,Giles,Antcliff,gantcliff8f@ebay.co.uk,916-899-7062,27/02/1983,332,Orin,Point,Sacramento,California,United States,94250,10,Hintze,Park,Tampa,Florida,United States,33605,Credit Card
305,Dolph,Tregidgo,dtregidgo8g@barnesandnoble.com,203-844-5041,23/10/1972,8,Riverside,Lane,Waterbury,Connecticut,United States,06721,5,Sage,Point,Ashburn,Virginia,United States,22093,Debit Card
306,Em,Steuart,esteuart8h@cbsnews.com,316-895-0397,27/09/1986,6,Utah,Place,Wichita,Kansas,United States,67205,765,Dahle,Center,Lancaster,Pennsylvania,United States,17605,Bank Transfer
307,Kelcy,Eddis,keddis8i@toplist.cz,571-283-2926,23/04/1973,53,Dawn,Crossing,Arlington,Virginia,United States,22225,6717,Monterey,Court,San Bernardino,California,United States,92410,Credit Card
308,Hurley,Hugues,hhugues8j@cnbc.com,202-409-8189,11/06/1975,664,Springs,Junction,Washington,District of Columbia,United States,56944,8888,Hanson,Center,San Antonio,Texas,United States,78245,Apple Pay
309,Carver,Baldocci,cbaldocci8k@51.la,682-250-9570,15/08/1982,3,Oxford,Street,Fort Worth,Texas,United States,76115,570,Bartelt,Terrace,Oklahoma City,Oklahoma,United States,73142,Apple Pay
310,Carolee,Bonavia,cbonavia8l@latimes.com,936-131-4052,07/11/1997,4926,Marcy,Pass,Beaumont,Texas,United States,77705,9602,Sunnyside,Court,New Orleans,Louisiana,United States,70183,Credit Card
311,Briana,Oxteby,boxteby8m@blogs.com,303-857-6261,28/08/2003,4799,Sherman,Road,Aurora,Colorado,United States,80015,481,Artisan,Road,Shreveport,Louisiana,United States,71151,Credit Card
312,Esmeralda,Kauschke,ekauschke8n@trellian.com,318-579-4723,05/10/1985,34210,Miller,Pass,Shreveport,Louisiana,United States,71137,41445,Burning Wood,Alley,Montgomery,Alabama,United States,36134,Bank Transfer
313,Celisse,Hune,chune8o@biglobe.ne.jp,203-249-9666,23/10/2003,6159,Forest Dale,Junction,Waterbury,Connecticut,United States,06726,47705,Harbort,Place,Baltimore,Maryland,United States,21211,Apple Pay
314,Wake,Hatje,whatje8p@imageshack.us,609-677-9803,13/02/1997,64418,Jana,Terrace,Trenton,New Jersey,United States,08650,927,Stephen,Alley,Tampa,Florida,United States,33615,Cash
315,Say,Carren,scarren8q@mayoclinic.com,509-576-2587,17/02/1971,141,Blue Bill Park,Avenue,Spokane,Washington,United States,99220,3541,Muir,Center,Nashville,Tennessee,United States,37205,Credit Card
316,Merrel,Glison,mglison8r@quantcast.com,314-298-4391,29/03/1974,24,Algoma,Avenue,Saint Louis,Missouri,United States,63136,4171,Donald,Plaza,Fayetteville,North Carolina,United States,28314,Cheque
317,Malinde,Macconaghy,mmacconaghy8s@devhub.com,757-250-4254,18/04/1996,09183,Lighthouse Bay,Circle,Norfolk,Virginia,United States,23551,8,Dovetail,Pass,Los Angeles,California,United States,90040,Cheque
318,Delmer,Baroux,dbaroux8t@virginia.edu,202-278-1821,15/10/1990,85695,Sachs,Park,Washington,District of Columbia,United States,20566,09092,Esker,Avenue,San Diego,California,United States,92191,Credit Card
319,Trula,Rowlings,trowlings8u@php.net,317-783-4128,01/05/1988,220,Alpine,Avenue,Indianapolis,Indiana,United States,46254,0125,Bultman,Alley,San Antonio,Texas,United States,78220,Apple Pay
320,Rowena,Doggart,rdoggart8v@forbes.com,651-630-2193,01/12/1971,4,Alpine,Park,Saint Paul,Minnesota,United States,55166,3924,Graedel,Center,Saint Louis,Missouri,United States,63110,Bank Transfer
321,Danila,Yellep,dyellep8w@spotify.com,864-943-0273,03/05/1972,62,Utah,Road,Greenville,South Carolina,United States,29615,9,Everett,Center,Phoenix,Arizona,United States,85083,Cheque
322,Terry,Gianni,tgianni8x@si.edu,909-571-4819,09/07/1995,68,Commercial,Crossing,San Bernardino,California,United States,92410,46586,Carpenter,Road,Atlanta,Georgia,United States,30301,Bank Transfer
323,Marys,Vynall,mvynall8y@youku.com,239-462-5518,08/07/1996,9,Duke,Lane,Fort Myers,Florida,United States,33913,06,Hovde,Park,Seattle,Washington,United States,98195,Cheque
324,Reinaldos,Gecks,rgecks8z@discovery.com,912-779-7661,01/02/1979,78,Park Meadow,Court,Savannah,Georgia,United States,31416,16152,Melvin,Junction,Rochester,New York,United States,14683,Google Pay
325,Aube,Rhelton,arhelton90@geocities.com,517-545-5713,11/04/1986,6,Dahle,Center,Lansing,Michigan,United States,48956,20,Sugar,Point,Salt Lake City,Utah,United States,84115,Credit Card
326,Crin,Elston,celston91@reddit.com,212-294-6111,22/07/1989,58,Almo,Court,New York City,New York,United States,10275,92,Bay,Pass,Elizabeth,New Jersey,United States,07208,Google Pay
327,Randie,Kuhlen,rkuhlen92@surveymonkey.com,414-149-1707,14/12/1999,6459,Summerview,Lane,Milwaukee,Wisconsin,United States,53277,75105,Express,Drive,Anchorage,Alaska,United States,99512,Cash
328,Janka,MacGeaney,jmacgeaney93@bigcartel.com,585-218-1896,07/11/1987,92421,Havey,Alley,Rochester,New York,United States,14639,4,Sommers,Parkway,Denver,Colorado,United States,80223,Bank Transfer
329,Rahel,Castrillo,rcastrillo94@ovh.net,775-757-9086,29/12/1995,59521,Anthes,Park,Reno,Nevada,United States,89505,73,Mosinee,Point,Bakersfield,California,United States,93399,Cash
330,Aurora,Falla,afalla95@wp.com,212-316-6309,26/04/1972,336,Delladonna,Trail,New York City,New York,United States,10249,0,Carioca,Place,Wichita,Kansas,United States,67230,Credit Card
331,Addie,Feronet,aferonet96@liveinternet.ru,651-792-2458,15/09/1981,8666,Hermina,Court,Saint Paul,Minnesota,United States,55146,7,1st,Drive,Evansville,Indiana,United States,47737,Credit Card
332,Westleigh,Hacksby,whacksby97@msu.edu,216-810-5718,22/12/1987,42981,Oneill,Court,Cleveland,Ohio,United States,44185,35243,Moose,Street,Denver,Colorado,United States,80241,Credit Card
333,Lewie,Calbreath,lcalbreath98@google.com,318-602-3613,17/05/1973,74,Rockefeller,Plaza,Shreveport,Louisiana,United States,71115,6,Marquette,Avenue,Atlanta,Georgia,United States,30343,Debit Card
334,Dorree,Connaughton,dconnaughton99@123-reg.co.uk,516-156-7238,24/11/1986,937,Sachtjen,Pass,Hicksville,New York,United States,11854,54829,Summit,Street,Galveston,Texas,United States,77554,Debit Card
335,Goldina,Kamienski,gkamienski9a@cbc.ca,518-939-7998,29/03/1978,8139,Glendale,Road,Albany,New York,United States,12255,955,Weeping Birch,Way,Milwaukee,Wisconsin,United States,53220,Credit Card
336,Eddy,Meagh,emeagh9b@shop-pro.jp,336-150-1850,26/04/1982,752,Kings,Hill,Greensboro,North Carolina,United States,27404,3720,Golf,Trail,Los Angeles,California,United States,90020,Credit Card
337,Barret,Ludl,bludl9c@wp.com,605-696-0745,08/06/1988,87308,Sloan,Drive,Sioux Falls,South Dakota,United States,57105,7767,Thierer,Plaza,Kansas City,Missouri,United States,64193,Apple Pay
338,York,Filyukov,yfilyukov9d@wunderground.com,202-873-1700,23/01/1972,154,Melrose,Pass,Washington,District of Columbia,United States,20220,79,Garrison,Hill,Saginaw,Michigan,United States,48609,Bank Transfer
339,Simon,Cullingford,scullingford9e@fema.gov,863-755-5651,08/02/1984,29,Eggendart,Court,Lakeland,Florida,United States,33811,7,Milwaukee,Plaza,Oceanside,California,United States,92056,Credit Card
340,Faustine,Canario,fcanario9f@state.gov,614-960-3077,12/02/1998,7356,4th,Center,Columbus,Ohio,United States,43220,424,Farragut,Parkway,New Castle,Pennsylvania,United States,16107,Cheque
341,Dolli,Palin,dpalin9g@github.io,513-683-8487,30/06/1970,68,Schlimgen,Point,Cincinnati,Ohio,United States,45249,55216,Mayer,Trail,Portland,Oregon,United States,97201,Debit Card
342,Darb,Diggles,ddiggles9h@illinois.edu,801-515-4004,02/11/1987,36,Pierstorff,Place,Salt Lake City,Utah,United States,84115,1,Badeau,Crossing,San Jose,California,United States,95150,Apple Pay
343,Ilise,Ferreiro,iferreiro9i@ft.com,310-297-9018,27/08/1981,158,Dahle,Junction,Santa Monica,California,United States,90410,123,Ruskin,Terrace,Lubbock,Texas,United States,79452,Cheque
344,Egbert,Bonnin,ebonnin9j@usa.gov,770-586-0083,21/09/1971,493,Dwight,Court,Atlanta,Georgia,United States,30340,43,Rigney,Avenue,Terre Haute,Indiana,United States,47812,Bank Transfer
345,Pyotr,Tersay,ptersay9k@cbc.ca,253-916-9917,26/05/1990,8,Novick,Drive,Seattle,Washington,United States,98104,422,Oriole,Point,Jamaica,New York,United States,11431,Cash
346,Gary,Prall,gprall9l@google.com.au,650-172-6870,26/12/1998,46,Village,Park,San Jose,California,United States,95113,48,Jay,Plaza,Jamaica,New York,United States,11431,Debit Card
347,Beatrisa,Estrella,bestrella9m@vkontakte.ru,909-736-3685,04/04/1997,6158,Kingsford,Center,San Bernardino,California,United States,92410,03916,Service,Way,Virginia Beach,Virginia,United States,23464,Bank Transfer
348,See,Hawarden,shawarden9n@bloglovin.com,610-124-0059,14/04/1978,52080,Elka,Lane,Philadelphia,Pennsylvania,United States,19151,4712,Buell,Center,Raleigh,North Carolina,United States,27658,Google Pay
349,Collie,Wicher,cwicher9o@webs.com,908-782-1477,20/06/1995,07470,Hovde,Alley,Elizabeth,New Jersey,United States,07208,2507,Rockefeller,Junction,Greensboro,North Carolina,United States,27455,Cash
350,Morganne,Jakeway,mjakeway9p@ed.gov,860-517-3254,13/01/1983,5,Waywood,Way,Hartford,Connecticut,United States,06120,71,Golf,Drive,Kalamazoo,Michigan,United States,49048,Cheque
351,Toni,Heathorn,theathorn9q@state.tx.us,434-808-0580,05/02/1997,221,Aberg,Trail,Manassas,Virginia,United States,22111,1,Maple,Crossing,Birmingham,Alabama,United States,35244,Credit Card
352,Kaylil,Cranke,kcranke9r@foxnews.com,302-134-3027,01/02/1972,141,Jana,Point,Wilmington,Delaware,United States,19897,41326,Logan,Pass,Houston,Texas,United States,77212,Credit Card
353,Martynne,Holby,mholby9s@pcworld.com,940-192-3329,12/07/1984,35586,Sommers,Terrace,Wichita Falls,Texas,United States,76310,87634,Ridgeway,Street,Los Angeles,California,United States,90076,Cheque
354,Netti,Hundley,nhundley9t@com.com,513-220-9266,06/10/2001,177,Loeprich,Plaza,Cincinnati,Ohio,United States,45264,07959,Meadow Valley,Crossing,Norman,Oklahoma,United States,73071,Debit Card
355,Valida,Plews,vplews9u@ustream.tv,405-899-2063,01/02/1986,6825,Rowland,Way,Oklahoma City,Oklahoma,United States,73147,97031,Sutherland,Trail,San Jose,California,United States,95123,Debit Card
356,Evelina,Meddick,emeddick9v@reference.com,859-100-9788,01/05/2000,48404,Valley Edge,Pass,Lexington,Kentucky,United States,40510,34520,Schlimgen,Trail,Saint Louis,Missouri,United States,63121,Cheque
357,Doroteya,Orrin,dorrin9w@engadget.com,402-234-8465,26/12/1992,72,Sycamore,Trail,Omaha,Nebraska,United States,68124,98,Cambridge,Plaza,San Francisco,California,United States,94126,Apple Pay
358,Jarret,Ambrodi,jambrodi9x@live.com,843-471-5935,12/12/1994,804,Talisman,Avenue,Charleston,South Carolina,United States,29416,383,Pepper Wood,Junction,Orlando,Florida,United States,32813,Cash
359,Tiff,Watters,twatters9y@gizmodo.com,281-423-1678,06/05/1986,57,Forest Dale,Trail,Houston,Texas,United States,77015,6970,Buell,Park,Missoula,Montana,United States,59806,Cash
360,Harri,Mynett,hmynett9z@plala.or.jp,405-473-9490,19/02/1984,25568,Evergreen,Point,Oklahoma City,Oklahoma,United States,73157,3,Twin Pines,Drive,Salt Lake City,Utah,United States,84170,Cash
361,Illa,Mowles,imowlesa0@live.com,913-170-9264,20/11/1982,672,Nevada,Alley,Shawnee Mission,Kansas,United States,66276,70,Melrose,Lane,San Antonio,Texas,United States,78291,Cash
362,Irwinn,Birrane,ibirranea1@squarespace.com,734-695-8875,08/10/1987,16738,Dottie,Hill,Ann Arbor,Michigan,United States,48107,36361,Susan,Way,Albuquerque,New Mexico,United States,87115,Cash
363,Leta,Berzons,lberzonsa2@printfriendly.com,646-478-2772,20/11/1978,374,New Castle,Court,New York City,New York,United States,10060,6,Stone Corner,Pass,Maple Plain,Minnesota,United States,55572,Google Pay
364,Nelly,Dessent,ndessenta3@networkadvertising.org,309-854-1522,18/09/1978,04,Superior,Crossing,Peoria,Illinois,United States,61656,3,Sundown,Place,Columbia,South Carolina,United States,29225,Credit Card
365,Elsbeth,Frodsham,efrodshama4@businesswire.com,619-323-6688,09/02/1982,6417,Armistice,Plaza,San Diego,California,United States,92170,3917,Bay,Alley,Memphis,Tennessee,United States,38197,Google Pay
366,Westbrooke,Anfrey,wanfreya5@ibm.com,303-383-0037,12/10/1977,32325,Sage,Trail,Aurora,Colorado,United States,80045,1,Clemons,Crossing,Dayton,Ohio,United States,45408,Google Pay
367,Libbie,Glendinning,lglendinninga6@google.it,212-258-8915,02/03/1996,2150,Artisan,Alley,New York City,New York,United States,10292,370,Troy,Trail,Indianapolis,Indiana,United States,46247,Debit Card
368,Jeniece,Leal,jleala7@earthlink.net,602-859-1084,23/10/1970,32,Tennessee,Center,Phoenix,Arizona,United States,85025,279,Fuller,Pass,Cincinnati,Ohio,United States,45296,Debit Card
369,Isidor,Hullyer,ihullyera8@example.com,757-284-4928,13/11/2001,19249,Lakeland,Pass,Portsmouth,Virginia,United States,23705,355,Briar Crest,Crossing,Rochester,New York,United States,14624,Credit Card
370,Lamond,Broose,lbroosea9@upenn.edu,216-633-1736,13/09/1991,12,Di Loreto,Way,Cleveland,Ohio,United States,44191,9,Buena Vista,Street,Brooklyn,New York,United States,11210,Bank Transfer
371,Philip,Weddup,pweddupaa@cloudflare.com,916-832-8978,09/09/2000,6,Delaware,Park,Sacramento,California,United States,95828,9,Village Green,Plaza,Monroe,Louisiana,United States,71208,Debit Card
372,Sunny,Tuftin,stuftinab@cloudflare.com,313-187-7897,30/03/1999,1,Farwell,Junction,Detroit,Michigan,United States,48217,68,Sunnyside,Park,Macon,Georgia,United States,31210,Google Pay
373,Claudie,Keeler,ckeelerac@tinyurl.com,410-755-1118,07/05/1971,2,Butterfield,Street,Ridgely,Maryland,United States,21684,882,Quincy,Junction,Milwaukee,Wisconsin,United States,53225,Credit Card
374,Georgianne,Morland,gmorlandad@fda.gov,419-458-5733,17/09/2001,927,Canary,Street,Mansfield,Ohio,United States,44905,9447,Scoville,Pass,San Francisco,California,United States,94142,Cash
375,Devin,Shelper,dshelperae@acquirethisname.com,504-225-4951,13/03/1972,016,John Wall,Pass,New Orleans,Louisiana,United States,70187,6,Cascade,Park,Baton Rouge,Louisiana,United States,70826,Google Pay
376,Demeter,Gligoraci,dgligoraciaf@state.gov,719-653-8654,31/07/1998,9,Mesta,Alley,Pueblo,Colorado,United States,81005,02,Bay,Drive,Toledo,Ohio,United States,43615,Bank Transfer
377,Cornie,Reding,credingag@timesonline.co.uk,330-335-3303,03/01/1986,123,Huxley,Crossing,Akron,Ohio,United States,44315,3,Oakridge,Plaza,Louisville,Kentucky,United States,40233,Apple Pay
378,Kerstin,Limbourne,klimbourneah@nba.com,979-385-8180,17/02/1984,437,Saint Paul,Pass,Bryan,Texas,United States,77806,0,Namekagon,Place,Bradenton,Florida,United States,34282,Credit Card
379,Margaretha,Somes,msomesai@cnet.com,619-562-2308,16/06/1988,171,Hanson,Drive,San Diego,California,United States,92105,51761,Manley,Lane,Pittsburgh,Pennsylvania,United States,15266,Cash
380,Aurea,Spadazzi,aspadazziaj@moonfruit.com,415-149-3416,08/01/1980,970,Muir,Alley,San Francisco,California,United States,94147,70,Shoshone,Place,Worcester,Massachusetts,United States,01610,Credit Card
381,Shalna,Sodo,ssodoak@etsy.com,325-475-7053,08/12/1991,309,Mandrake,Drive,San Angelo,Texas,United States,76905,01412,Mccormick,Junction,Tampa,Florida,United States,33686,Cash
382,Joana,Willgress,jwillgressal@ucla.edu,915-320-4715,04/07/1985,49,Lakeland,Plaza,El Paso,Texas,United States,88535,3,Almo,Alley,Philadelphia,Pennsylvania,United States,19141,Cash
383,Shanon,Bowick,sbowickam@vinaora.com,804-478-1171,14/01/1987,4786,Sherman,Drive,Richmond,Virginia,United States,23237,353,Susan,Place,Pittsburgh,Pennsylvania,United States,15255,Cheque
384,Anabella,Kalderon,akalderonan@merriam-webster.com,505-797-0555,29/03/1990,3288,Macpherson,Court,Albuquerque,New Mexico,United States,87110,9807,Norway Maple,Way,Trenton,New Jersey,United States,08619,Google Pay
385,Lyn,Foye,lfoyeao@yelp.com,727-335-2117,31/08/1990,97789,Anhalt,Terrace,Saint Petersburg,Florida,United States,33731,56,Forster,Street,Lafayette,Indiana,United States,47905,Cheque
386,Raquel,Svanini,rsvaniniap@zdnet.com,770-308-3320,07/10/1977,5,Arkansas,Plaza,Marietta,Georgia,United States,30061,4,Sachtjen,Lane,Columbus,Ohio,United States,43226,Debit Card
387,Irena,Deguara,ideguaraaq@msn.com,507-975-2741,07/11/1989,49868,Schlimgen,Road,Rochester,Minnesota,United States,55905,721,Thierer,Place,Pensacola,Florida,United States,32526,Debit Card
388,Vance,Scarlet,vscarletar@boston.com,915-588-4335,23/07/1970,4184,Dwight,Terrace,El Paso,Texas,United States,88519,2,Spenser,Hill,Lexington,Kentucky,United States,40510,Credit Card
389,Sonnie,Holdey,sholdeyas@miitbeian.gov.cn,979-665-3070,18/03/1993,1,Stang,Trail,College Station,Texas,United States,77844,40530,Lawn,Hill,Albany,New York,United States,12237,Google Pay
390,Ricoriki,Hilliam,rhilliamat@cpanel.net,919-495-5748,22/02/1983,63,Nelson,Plaza,Raleigh,North Carolina,United States,27605,9,Grim,Point,New York City,New York,United States,10270,Credit Card
391,Neill,Waine,nwaineau@creativecommons.org,912-142-6623,21/03/1998,5416,Dennis,Pass,Macon,Georgia,United States,31217,5892,Fisk,Trail,Des Moines,Iowa,United States,50369,Cheque
392,Berti,Dearle-Palser,bdearlepalserav@hexun.com,305-787-0510,23/06/1993,3209,Scott,Court,Miami,Florida,United States,33175,045,Heath,Alley,Fargo,North Dakota,United States,58122,Google Pay
393,Tynan,Goor,tgooraw@cnbc.com,202-549-7397,14/11/1978,9017,Old Shore,Place,Washington,District of Columbia,United States,20051,9,6th,Terrace,Mesa,Arizona,United States,85210,Cash
394,Jerrome,Chessel,jchesselax@ustream.tv,304-899-1764,13/11/1980,0,Knutson,Park,Charleston,West Virginia,United States,25326,35,Golf View,Plaza,Fort Worth,Texas,United States,76147,Credit Card
395,Myranda,Kermott,mkermottay@bloglovin.com,215-551-0957,01/05/1977,3999,Di Loreto,Hill,Philadelphia,Pennsylvania,United States,19131,560,Dexter,Center,Worcester,Massachusetts,United States,01605,Google Pay
396,Nestor,Scotford,nscotfordaz@devhub.com,251-846-3864,30/05/1988,45463,Swallow,Junction,Mobile,Alabama,United States,36689,001,Kingsford,Street,Elmira,New York,United States,14905,Credit Card
397,Jaquenetta,McFaul,jmcfaulb0@privacy.gov.au,484-318-9328,07/10/2000,531,Loeprich,Circle,Bethlehem,Pennsylvania,United States,18018,4662,Mitchell,Park,Port Saint Lucie,Florida,United States,34985,Bank Transfer
398,Danella,Iannuzzi,diannuzzib1@amazon.co.uk,757-907-5965,27/02/1986,9433,Crescent Oaks,Way,Hampton,Virginia,United States,23668,154,Burrows,Point,Omaha,Nebraska,United States,68110,Cheque
399,Fionnula,Shalloo,fshalloob2@pinterest.com,915-778-9638,12/09/1974,424,Marcy,Street,El Paso,Texas,United States,88525,0533,Crownhardt,Plaza,Scottsdale,Arizona,United States,85260,Apple Pay
400,Pace,Brahan,pbrahanb3@php.net,727-922-6036,11/06/1970,1,Westerfield,Circle,Saint Petersburg,Florida,United States,33731,1083,Shelley,Crossing,Dallas,Texas,United States,75323,Google Pay
401,Constantina,Stannion,cstannionb4@homestead.com,702-412-7756,24/10/1984,9,Arizona,Circle,Las Vegas,Nevada,United States,89110,7,Monterey,Park,Dearborn,Michigan,United States,48126,Cheque
402,Jacinta,Kun,jkunb5@google.nl,562-187-0516,10/08/1994,39226,Cherokee,Trail,Whittier,California,United States,90610,2820,Meadow Valley,Trail,Houston,Texas,United States,77060,Apple Pay
403,Aleda,Kurtis,akurtisb6@icq.com,601-125-6058,03/05/1986,5,Ohio,Plaza,Jackson,Mississippi,United States,39216,12097,Anniversary,Alley,Billings,Montana,United States,59112,Apple Pay
404,Herby,Oakly,hoaklyb7@howstuffworks.com,314-526-4553,21/08/1993,7,Redwing,Junction,Saint Louis,Missouri,United States,63116,06254,Sachs,Junction,Dallas,Texas,United States,75260,Debit Card
405,Kane,Guye,kguyeb8@geocities.com,415-210-5199,24/06/1978,73,Hoffman,Pass,San Francisco,California,United States,94132,8,Eastwood,Parkway,Bozeman,Montana,United States,59771,Apple Pay
406,Emilie,Hawtin,ehawtinb9@samsung.com,-330-5110,17/06/1972,4402,Jenifer,Court,Pittsburgh,Pennsylvania,United States,15266,73266,Scofield,Point,Newark,New Jersey,United States,07104,Debit Card
407,Patrizius,Brookson,pbrooksonba@mapy.cz,410-627-3475,15/10/1990,5790,American,Parkway,Baltimore,Maryland,United States,21290,33235,Derek,Pass,Boise,Idaho,United States,83711,Google Pay
408,Cthrine,Orniz,cornizbb@telegraph.co.uk,330-298-2739,14/10/2000,532,Katie,Road,Akron,Ohio,United States,44321,31,Talisman,Park,Lakeland,Florida,United States,33805,Apple Pay
409,Felike,Sinisbury,fsinisburybc@goo.gl,209-444-2731,05/07/1985,1948,Raven,Drive,Stockton,California,United States,95205,33,Hooker,Court,Washington,District of Columbia,United States,20260,Debit Card
410,Jerri,Blaze,jblazebd@auda.org.au,816-555-8083,11/05/1996,25856,Village Green,Drive,Kansas City,Missouri,United States,64149,15,Sutteridge,Road,Mansfield,Ohio,United States,44905,Cash
411,Antonietta,Alsopp,aalsoppbe@de.vu,205-882-2409,14/09/1997,69,Dwight,Junction,Birmingham,Alabama,United States,35285,9607,Scoville,Center,Orlando,Florida,United States,32813,Cheque
412,Liesa,Tittletross,ltittletrossbf@barnesandnoble.com,512-767-7615,12/03/1992,43,Nevada,Place,Austin,Texas,United States,78715,700,Old Gate,Court,Hayward,California,United States,94544,Cash
413,Ricki,Hekkert,rhekkertbg@engadget.com,405-305-9698,08/09/1991,8837,Crowley,Center,Oklahoma City,Oklahoma,United States,73119,58,Pennsylvania,Alley,Albuquerque,New Mexico,United States,87105,Bank Transfer
414,Winnie,Euesden,weuesdenbh@zdnet.com,719-263-6399,02/01/2002,1,John Wall,Lane,Pueblo,Colorado,United States,81005,34,Mallard,Drive,Baltimore,Maryland,United States,21265,Debit Card
415,Even,Ames,eamesbi@photobucket.com,712-720-3687,26/03/1984,430,Dryden,Street,Sioux City,Iowa,United States,51110,96,Aberg,Road,Jamaica,New York,United States,11470,Bank Transfer
416,Francklin,Shellibeer,fshellibeerbj@lulu.com,321-864-7604,04/08/1999,67639,Burning Wood,Road,Orlando,Florida,United States,32813,78,Armistice,Hill,Indianapolis,Indiana,United States,46221,Cheque
417,Benedick,Brook,bbrookbk@imdb.com,228-838-2654,16/03/2003,72327,Bultman,Junction,Gulfport,Mississippi,United States,39505,83417,Oxford,Drive,Terre Haute,Indiana,United States,47812,Cash
418,Bekki,Bullman,bbullmanbl@cbsnews.com,312-720-0477,29/08/1994,7,Hooker,Avenue,Chicago,Illinois,United States,60663,88,Bayside,Park,Springfield,Illinois,United States,62794,Cheque
419,Glory,Simcox,gsimcoxbm@cisco.com,718-131-2472,15/11/1971,4487,Porter,Parkway,New York City,New York,United States,10019,3157,Onsgard,Trail,Cincinnati,Ohio,United States,45249,Google Pay
420,Rosella,Stamp,rstampbn@wordpress.org,513-921-2363,16/12/2000,1997,Drewry,Park,Cincinnati,Ohio,United States,45243,72,Little Fleur,Court,Littleton,Colorado,United States,80161,Debit Card
421,Andi,Breckon,abreckonbo@ning.com,509-549-6323,14/04/1990,1662,Aberg,Junction,Spokane,Washington,United States,99260,99622,Thackeray,Junction,Dayton,Ohio,United States,45454,Bank Transfer
422,Zorina,Dirand,zdirandbp@about.com,619-670-0529,22/10/1974,978,Mallory,Way,San Diego,California,United States,92176,837,Toban,Street,Seattle,Washington,United States,98148,Credit Card
423,Cleve,Van De Cappelle,cvandecappellebq@unicef.org,716-693-4843,22/12/1974,411,Dovetail,Center,Buffalo,New York,United States,14210,7089,Riverside,Court,Huntsville,Alabama,United States,35895,Cheque
424,Colman,Barhims,cbarhimsbr@independent.co.uk,347-847-7509,25/03/1988,6938,American Ash,Pass,Brooklyn,New York,United States,11241,401,Lakeland,Road,Jackson,Mississippi,United States,39204,Bank Transfer
425,Xymenes,Gidden,xgiddenbs@umn.edu,253-200-9624,07/02/1974,9,Rieder,Junction,Tacoma,Washington,United States,98411,4126,Pankratz,Plaza,Washington,District of Columbia,United States,20016,Cash
426,Sky,Pate,spatebt@walmart.com,405-537-1889,18/11/2000,0,Cambridge,Hill,Oklahoma City,Oklahoma,United States,73152,97,Quincy,Place,Yakima,Washington,United States,98907,Google Pay
427,Sherlock,Ramelot,sramelotbu@php.net,952-675-0768,26/03/1984,7912,Scoville,Alley,Minneapolis,Minnesota,United States,55436,01086,Stone Corner,Lane,Jacksonville,Florida,United States,32236,Google Pay
428,Ashlee,Breakey,abreakeybv@about.me,719-381-1690,18/07/1979,879,School,Circle,Colorado Springs,Colorado,United States,80930,60798,Fuller,Center,Fort Worth,Texas,United States,76192,Debit Card
429,Lonna,Maase,lmaasebw@dmoz.org,502-175-6003,28/10/1996,03,Sachtjen,Point,Louisville,Kentucky,United States,40287,33,Melrose,Center,Daytona Beach,Florida,United States,32118,Apple Pay
430,Walker,Plampin,wplampinbx@google.ru,713-641-2584,25/12/1995,225,Lighthouse Bay,Lane,Houston,Texas,United States,77201,76277,Debs,Plaza,Seattle,Washington,United States,98104,Cash
431,Catharine,Baynes,cbaynesby@un.org,520-580-9479,01/05/1984,30,Pearson,Drive,Tucson,Arizona,United States,85743,3147,Surrey,Park,Montgomery,Alabama,United States,36177,Cheque
432,Aylmer,Espadate,aespadatebz@indiatimes.com,808-784-7307,09/01/1973,51938,Barby,Way,Honolulu,Hawaii,United States,96810,708,Hanson,Plaza,Montgomery,Alabama,United States,36104,Debit Card
433,Madelin,Goldman,mgoldmanc0@cafepress.com,605-907-8143,31/10/1995,607,Fallview,Park,Sioux Falls,South Dakota,United States,57198,85,Westerfield,Park,Juneau,Alaska,United States,99812,Apple Pay
434,Jillie,Bruckental,jbruckentalc1@smh.com.au,801-759-0412,05/12/1976,09898,Claremont,Junction,Salt Lake City,Utah,United States,84125,1,Emmet,Lane,Evansville,Indiana,United States,47705,Cheque
435,Johanna,Mayow,jmayowc2@cdc.gov,630-138-8351,09/04/1981,543,Rieder,Drive,Schaumburg,Illinois,United States,60193,3,Lyons,Way,Boston,Massachusetts,United States,02216,Google Pay
436,Evyn,Espinay,eespinayc3@people.com.cn,903-795-4229,14/06/1995,146,Tomscot,Court,Tyler,Texas,United States,75799,9,Melrose,Drive,Lexington,Kentucky,United States,40591,Bank Transfer
437,Beth,McMorran,bmcmorranc4@zdnet.com,410-969-1999,29/11/1986,53978,John Wall,Trail,Baltimore,Maryland,United States,21281,80,Elka,Court,El Paso,Texas,United States,88563,Cash
438,Rania,Corrado,rcorradoc5@salon.com,210-299-6957,31/08/1970,0,Karstens,Avenue,San Antonio,Texas,United States,78245,63,Vahlen,Point,Houston,Texas,United States,77020,Debit Card
439,Malva,Mc Caughen,mmccaughenc6@cloudflare.com,702-602-6964,19/01/1998,43,Pawling,Way,North Las Vegas,Nevada,United States,89087,1,Lakeland,Terrace,Laurel,Maryland,United States,20709,Bank Transfer
440,Octavius,Zanazzi,ozanazzic7@gnu.org,443-632-0732,20/05/1994,1801,Nelson,Lane,Baltimore,Maryland,United States,21203,202,Pierstorff,Park,Albany,New York,United States,12247,Bank Transfer
441,Maude,Priel,mprielc8@wunderground.com,214-344-3589,03/02/1999,807,6th,Circle,Dallas,Texas,United States,75310,61,Prairieview,Drive,Miami,Florida,United States,33190,Bank Transfer
442,Sancho,Grayham,sgrayhamc9@wordpress.org,336-801-9154,11/04/1978,902,Express,Road,Winston Salem,North Carolina,United States,27116,38,1st,Lane,Stockton,California,United States,95205,Cash
443,Iona,Jeannequin,ijeannequinca@deviantart.com,608-422-8316,22/01/2004,471,Corben,Avenue,Madison,Wisconsin,United States,53710,166,Pennsylvania,Point,Columbus,Ohio,United States,43210,Credit Card
444,Petra,Glaister,pglaistercb@bigcartel.com,405-997-7337,11/07/1976,6,Sullivan,Street,Norman,Oklahoma,United States,73071,3,Miller,Avenue,Norfolk,Virginia,United States,23520,Cash
445,Reg,Fragino,rfraginocc@edublogs.org,540-296-3720,11/11/2002,62,Gale,Drive,Fredericksburg,Virginia,United States,22405,11,Fairfield,Hill,Jacksonville,Florida,United States,32215,Debit Card
446,Jayson,Candy,jcandycd@tuttocitta.it,614-615-1128,04/09/1990,8,Nova,Crossing,Columbus,Ohio,United States,43210,0195,Buell,Plaza,Fresno,California,United States,93709,Google Pay
447,Faber,Kitto,fkittoce@businessinsider.com,214-608-6664,20/02/1994,6599,Waywood,Street,Dallas,Texas,United States,75277,71563,Bultman,Avenue,San Bernardino,California,United States,92405,Apple Pay
448,Mendel,Headly,mheadlycf@shareasale.com,714-415-2374,02/06/1980,24268,Green Ridge,Parkway,Garden Grove,California,United States,92645,0,Lakewood Gardens,Pass,Sacramento,California,United States,94291,Debit Card
449,Edythe,Laminman,elaminmancg@fastcompany.com,317-932-2291,11/03/1998,8,Debs,Road,Indianapolis,Indiana,United States,46239,46,Marcy,Plaza,Tucson,Arizona,United States,85732,Cheque
450,Jabez,Helwig,jhelwigch@deviantart.com,305-804-1888,24/03/1976,07369,Shopko,Crossing,Miami,Florida,United States,33175,58,Leroy,Road,Kansas City,Kansas,United States,66160,Google Pay
451,Lilli,Kenewell,lkenewellci@cnn.com,909-789-9176,02/05/1980,57691,Bobwhite,Way,San Bernardino,California,United States,92415,448,Arrowood,Center,Pittsburgh,Pennsylvania,United States,15225,Cash
452,Alfred,Coverley,acoverleycj@virginia.edu,313-131-7255,09/05/1982,7992,Kedzie,Trail,Detroit,Michigan,United States,48295,3,Sullivan,Road,Bakersfield,California,United States,93381,Google Pay
453,Yance,Outlaw,youtlawck@nymag.com,312-114-1154,21/12/1985,7457,Morning,Point,Chicago,Illinois,United States,60657,06415,Talmadge,Lane,San Diego,California,United States,92137,Apple Pay
454,Jacquetta,Milington,jmilingtoncl@java.com,971-921-2052,02/10/1989,0,Northfield,Circle,Portland,Oregon,United States,97201,0500,Spaight,Street,Charleston,West Virginia,United States,25326,Debit Card
455,Josy,Wolseley,jwolseleycm@a8.net,813-455-9114,18/10/2001,263,Tennyson,Drive,Tampa,Florida,United States,33661,00,Summit,Alley,Houston,Texas,United States,77065,Apple Pay
456,Marlo,Gwyllt,mgwylltcn@bigcartel.com,407-453-7727,01/11/1999,588,Westridge,Parkway,Kissimmee,Florida,United States,34745,0,Victoria,Street,Montgomery,Alabama,United States,36119,Cheque
457,Dorian,Featherstone,dfeatherstoneco@ihg.com,571-930-6162,14/05/1999,0,Cascade,Plaza,Reston,Virginia,United States,22096,3533,Onsgard,Junction,Washington,District of Columbia,United States,20591,Apple Pay
458,Violet,McConnell,vmcconnellcp@freewebs.com,360-986-7821,14/05/1985,5061,Moland,Parkway,Seattle,Washington,United States,98109,516,Bashford,Way,Birmingham,Alabama,United States,35290,Bank Transfer
459,Geoffry,Yule,gyulecq@youtube.com,682-838-2365,10/04/1993,9131,Graedel,Park,Fort Worth,Texas,United States,76178,58935,Cherokee,Drive,Arlington,Virginia,United States,22234,Cheque
460,Jasen,Trustrie,jtrustriecr@imgur.com,717-532-5133,29/04/2000,5,West,Hill,Harrisburg,Pennsylvania,United States,17121,82,Nevada,Terrace,Minneapolis,Minnesota,United States,55487,Google Pay
461,Allen,Corro,acorrocs@people.com.cn,661-206-3487,17/11/1987,09799,Trailsway,Street,Bakersfield,California,United States,93399,88,Trailsway,Drive,Montgomery,Alabama,United States,36134,Bank Transfer
462,Sybyl,Vanns,svannsct@blog.com,516-582-7501,03/12/1979,78,Iowa,Crossing,Jamaica,New York,United States,11407,13,Mosinee,Center,Dayton,Ohio,United States,45403,Credit Card
463,Karna,Grantham,kgranthamcu@etsy.com,202-810-6423,19/09/1984,03105,Waubesa,Crossing,Washington,District of Columbia,United States,20392,4368,Kensington,Hill,Chattanooga,Tennessee,United States,37410,Bank Transfer
464,Ruddie,Timmes,rtimmescv@uiuc.edu,239-607-8119,15/10/1991,5,Menomonie,Point,Naples,Florida,United States,34108,8,Northland,Center,Washington,District of Columbia,United States,20575,Bank Transfer
465,Vaughan,Gabites,vgabitescw@ibm.com,701-395-8611,05/11/1974,8536,Harper,Junction,Grand Forks,North Dakota,United States,58207,519,Pleasure,Street,Johnson City,Tennessee,United States,37605,Apple Pay
466,Radcliffe,Rodolfi,rrodolficx@europa.eu,202-285-7752,23/03/1996,51638,Westport,Parkway,Silver Spring,Maryland,United States,20910,2,Reinke,Road,Denver,Colorado,United States,80228,Cheque
467,Ferris,MacRonald,fmacronaldcy@paginegialle.it,702-321-2808,19/08/1990,690,Del Mar,Hill,North Las Vegas,Nevada,United States,89036,3,Randy,Terrace,Arlington,Virginia,United States,22212,Cash
468,Baillie,Rickwood,brickwoodcz@webeden.co.uk,650-132-4912,03/02/1980,52555,Hollow Ridge,Avenue,Los Angeles,California,United States,90045,287,Division,Junction,Garland,Texas,United States,75049,Bank Transfer
469,Patrizia,Bust,pbustd0@slate.com,937-539-2083,02/05/2003,85,Loomis,Park,Dayton,Ohio,United States,45408,1600,David,Crossing,Saint Louis,Missouri,United States,63116,Bank Transfer
470,Kurtis,Hallagan,khallagand1@ted.com,202-639-0955,01/07/1980,9,Brickson Park,Drive,Washington,District of Columbia,United States,20067,74,Elmside,Junction,Newport Beach,California,United States,92662,Cash
471,Julee,Soule,jsouled2@imdb.com,317-624-9176,23/11/1995,9,Kropf,Terrace,Indianapolis,Indiana,United States,46295,4696,Porter,Way,Fayetteville,North Carolina,United States,28314,Debit Card
472,Rebeca,Garmey,rgarmeyd3@nps.gov,805-250-8905,30/05/1998,666,Carey,Way,San Mateo,California,United States,94405,86,Red Cloud,Alley,Tampa,Florida,United States,33647,Credit Card
473,Art,Morgen,amorgend4@hexun.com,763-147-2526,12/09/2002,18613,Calypso,Alley,Monticello,Minnesota,United States,55585,0216,4th,Center,Sioux City,Iowa,United States,51110,Bank Transfer
474,Pauli,Tesdale,ptesdaled5@acquirethisname.com,831-934-2782,10/05/1973,13,Upham,Drive,Salinas,California,United States,93907,02286,Monica,Crossing,Orlando,Florida,United States,32813,Apple Pay
475,Minette,Dargie,mdargied6@salon.com,312-301-5198,15/12/1999,76294,Harbort,Crossing,Chicago,Illinois,United States,60641,63,Bayside,Pass,Baltimore,Maryland,United States,21239,Google Pay
476,Humbert,Huggins,hhugginsd7@oaic.gov.au,713-913-8455,28/12/1985,7918,Forest Dale,Way,Houston,Texas,United States,77271,59,Bultman,Parkway,Charlotte,North Carolina,United States,28284,Apple Pay
477,Lucilia,Seydlitz,lseydlitzd8@unc.edu,225-664-1488,24/10/1995,188,Heath,Road,Baton Rouge,Louisiana,United States,70894,2737,Caliangt,Court,Honolulu,Hawaii,United States,96825,Debit Card
478,Massimiliano,Culligan,mculligand9@flavors.me,405-766-6055,08/02/1994,73,Cody,Way,Oklahoma City,Oklahoma,United States,73179,6225,Holy Cross,Alley,Tucson,Arizona,United States,85705,Google Pay
479,Iseabal,Brumfitt,ibrumfittda@state.tx.us,602-175-6260,16/10/1977,90,Londonderry,Way,Phoenix,Arizona,United States,85083,35603,Starling,Court,Chattanooga,Tennessee,United States,37410,Credit Card
480,Cilka,Croser,ccroserdb@salon.com,314-605-9851,25/11/1972,77273,Northport,Park,Saint Louis,Missouri,United States,63180,1,Granby,Alley,Atlanta,Georgia,United States,30356,Apple Pay
481,Elli,Lukianov,elukianovdc@opensource.org,210-166-0179,23/12/1983,930,Delladonna,Point,San Antonio,Texas,United States,78210,6,Muir,Terrace,Corpus Christi,Texas,United States,78470,Credit Card
482,Torrey,Lovitt,tlovittdd@stanford.edu,202-425-4920,18/09/1980,2740,Bartillon,Street,Washington,District of Columbia,United States,20557,9147,Muir,Court,Charlotte,North Carolina,United States,28284,Apple Pay
483,Jandy,Delamere,jdelamerede@baidu.com,786-628-4990,13/08/1997,0,Knutson,Park,Hialeah,Florida,United States,33018,6160,Waywood,Hill,Oklahoma City,Oklahoma,United States,73197,Credit Card
484,Udall,Belk,ubelkdf@npr.org,571-202-5589,05/05/1977,224,Ruskin,Hill,Springfield,Virginia,United States,22156,185,Evergreen,Hill,Fort Wayne,Indiana,United States,46825,Google Pay
485,Bekki,Gainfort,bgainfortdg@freewebs.com,719-566-5153,28/01/1995,21,Del Sol,Hill,Colorado Springs,Colorado,United States,80995,017,Warner,Court,Providence,Rhode Island,United States,02905,Apple Pay
486,Minne,Jillins,mjillinsdh@google.pl,760-142-8587,19/07/1991,51526,Petterle,Street,Orange,California,United States,92668,865,Mayfield,Junction,Phoenix,Arizona,United States,85015,Apple Pay
487,Frederik,Winder,fwinderdi@imageshack.us,413-984-3171,10/09/1984,7,Tony,Junction,Springfield,Massachusetts,United States,01152,04756,Heffernan,Way,Denver,Colorado,United States,80249,Cash
488,Toddy,Entwhistle,tentwhistledj@eepurl.com,612-675-0368,13/03/1989,686,Village Green,Crossing,Minneapolis,Minnesota,United States,55487,695,Macpherson,Parkway,Charleston,West Virginia,United States,25305,Credit Card
489,Ingeborg,Bauckham,ibauckhamdk@opera.com,850-774-4819,25/04/2001,974,Lakewood Gardens,Place,Pensacola,Florida,United States,32526,74,Sherman,Pass,Kansas City,Missouri,United States,64193,Credit Card
490,Walt,Goligly,wgoliglydl@youtube.com,951-481-9722,17/11/1998,7078,Twin Pines,Junction,Corona,California,United States,92878,50,Maryland,Pass,Saint Louis,Missouri,United States,63126,Apple Pay
491,Arlinda,McCleary,amcclearydm@jimdo.com,202-125-3953,21/07/1972,90117,Stone Corner,Hill,Washington,District of Columbia,United States,20436,23,Spohn,Alley,New York City,New York,United States,10280,Debit Card
492,Arabella,Bricknell,abricknelldn@tmall.com,585-944-2391,22/09/1983,581,Garrison,Trail,Rochester,New York,United States,14624,2551,Stephen,Hill,Dayton,Ohio,United States,45426,Apple Pay
493,Randolph,Franklyn,rfranklyndo@redcross.org,304-150-0203,07/10/1977,05510,Hayes,Trail,Charleston,West Virginia,United States,25305,8,Tennessee,Hill,Seattle,Washington,United States,98166,Debit Card
494,Obadias,Nanson,onansondp@amazon.com,512-878-8801,29/09/1970,4,Lakewood,Road,Austin,Texas,United States,78764,3,Coleman,Alley,Honolulu,Hawaii,United States,96815,Cheque
495,Vincent,Kirley,vkirleydq@zdnet.com,330-839-8293,29/10/1999,510,Center,Plaza,Akron,Ohio,United States,44310,382,Twin Pines,Drive,Detroit,Michigan,United States,48232,Credit Card
496,Benoite,Marrow,bmarrowdr@ezinearticles.com,814-704-9645,15/02/1993,6531,Fallview,Hill,Erie,Pennsylvania,United States,16534,0127,Westerfield,Drive,Des Moines,Iowa,United States,50315,Credit Card
497,Georgianne,Kinchlea,gkinchleads@wordpress.com,619-808-2651,18/07/1977,095,Farwell,Terrace,San Diego,California,United States,92153,08560,Logan,Place,Dallas,Texas,United States,75353,Debit Card
498,Eldon,Yekel,eyekeldt@cocolog-nifty.com,239-829-8249,18/10/1991,02,Linden,Avenue,Naples,Florida,United States,34114,968,Maple Wood,Road,Wichita,Kansas,United States,67260,Credit Card
499,Moise,Casson,mcassondu@51.la,585-488-8429,27/11/1972,82747,Lake View,Place,Rochester,New York,United States,14639,91955,Bluestem,Crossing,Washington,District of Columbia,United States,20430,Debit Card
500,Aldon,Popplewell,apopplewelldv@hao123.com,916-745-5414,18/06/1970,8,Holmberg,Parkway,Sacramento,California,United States,95865,910,Dapin,Point,Van Nuys,California,United States,91406,Cheque
