id,first_name,last_name,email,phone_number,date_of_birth,billing_address_street_number,billing_address_street_name,billing_address_street_suffix,billing_address_city,billing_address_state,billing_address_country,billing_address_postcode,current_shipping_address_street_number,current_shipping_address_street_name,current_shipping_address_street_suffix,current_shipping_address_city,current_shipping_address_state,current_shipping_address_country,current_shipping_address_postcode,current_payment_method
501,Test501,Append,test,435-635-8628,2/12/2008,47416,Petterle,Circle,Salt Lake City,Utah,United States,84105,304,Summer Ridge,Point,Tsagaannuur,,Mongolia,,Apple Pay
502,Test502,Append,tangier1@altervista.org,727-462-5482,12/11/1978,499,Spohn,Court,Saint Petersburg,Florida,United States,33710,49978,Clyde Gallagher,Alley,Melaka,Melaka,Malaysia,75200,Credit Card
1,Test01,Update,jcoppock2@sphinn.com,401-635-7721,16/2/2009,6,Kinsman,Junction,Providence,Rhode Island,United States,2912,2,Paget,Pass,Hazlov,,Czech Republic,350 02,Cheque
2,Test02,Update,mgwyneth3@nytimes.com,617-118-5408,1/5/1981,27143,Straubel,Alley,Boston,Massachusetts,United States,2203,7527,Center,Trail,Duszniki-Zdrój,,Poland,57-340,Cash
503,Nananne,Blanshard,nblanshard4@canalblog.com,713-229-9252,18/11/2021,95808,Northwestern,Avenue,Houston,Texas,United States,77228,4,Red Cloud,Way,Mawlamyinegyunn,,Myanmar,,Cheque