id,name,email,address_street_number,address_street_name,address_street_suffix,address_city,address_state,address_country,address_postcode
1,"Stehr, Stoltenberg and Goldner",deva0@reverbnation.com,974,Barby,Terrace,Dangchang Chengguanzhen,,China,
2,Hodkiewicz-Bartell,sseggie1@cloudflare.com,587,Tennyson,Hill,Bejucal,,Cuba,
3,Rohan-Ratke,awarrell2@reference.com,6,Dennis,Plaza,Xinbao,,China,
4,Dach Group,adimanche3@omniture.com,0,Leroy,Crossing,Plavsk,,Russia,301477
5,Marks Inc,lbenda4@state.tx.us,35,Morrow,Street,Ban Mai,,Thailand,80000
6,Rutherford LLC,criehm5@webnode.com,353,American,Point,Niños Heroes,Jalisco,Mexico,47070
7,"Wisozk, Nienow and Mann",pfrain6@boston.com,025,Portage,Court,Dầu Tiếng,,Vietnam,
8,Pagac-Littel,ehaglinton7@clickbank.net,021,Walton,Pass,Santana do Ipanema,,Brazil,57500-000
9,"Blick, Hermiston and Marks",idomeny8@e-recht24.de,157,Eastlawn,Court,Puerto Alto,,Honduras,
10,Parker and Sons,kseamans9@google.pl,28641,Sloan,Terrace,Essen,Nordrhein-Westfalen,Germany,45149
11,Fisher-Morissette,gpittmana@pcworld.com,49,Paget,Crossing,Zhyrovichy,,Belarus,
12,Fay-Schuster,afowlesb@deliciousdays.com,8,Spohn,Point,Jinchang,,China,
13,"Mosciski, VonRueden and Terry",rscayc@yellowpages.com,19622,Welch,Trail,København,Region Hovedstaden,Denmark,1556
14,Daugherty Group,mkilduffd@state.tx.us,8852,Goodland,Parkway,Kangasala,,Finland,36270
15,"Sauer, Rice and Klocko",tkordovae@scribd.com,16,Kingsford,Drive,Nowy Duninów,,Poland,09-505
16,"Dickinson, Brakus and Smitham",apockeyf@usgs.gov,5571,Welch,Trail,Lunsar,,Sierra Leone,
17,"Mayert, Hegmann and Hilpert",hebding@theglobeandmail.com,6,Old Shore,Parkway,Raofeng,,China,
18,Kerluke-Zboncak,hbirbeckh@scribd.com,88844,Briar Crest,Way,Taketoyo,,Japan,479-0871
19,Bailey and Sons,iannettsi@mysql.com,5987,Clarendon,Road,Ngerengere,,Tanzania,
20,Ernser-Wisoky,dfudgej@globo.com,4,Sunnyside,Hill,Tirlyanskiy,,Russia,442815
21,Zemlak Group,ycozensk@cargocollective.com,143,Helena,Trail,Nevers,Bourgogne,France,58004 CEDEX
22,Lowe Group,drumkel@oaic.gov.au,6,Chive,Terrace,Outapi,,Namibia,
23,Hermann Group,rtosneym@sfgate.com,149,Ronald Regan,Circle,Kotovo,,Russia,403800
24,Hayes Group,jlefleyn@europa.eu,1566,Ramsey,Way,Entradas,Beja,Portugal,7780-325
25,"O'Connell, Ruecker and Pfeffer",ocaberaso@google.co.jp,9,Schmedeman,Avenue,Montpellier,Languedoc-Roussillon,France,34064 CEDEX 2
26,Bechtelar and Sons,coadep@dot.gov,11329,Hayes,Street,Oehala,,Indonesia,
27,Streich-Douglas,sreimsq@webmd.com,6,Hauk,Crossing,Picoto,Braga,Portugal,4830-073
28,Murazik Inc,hhowiesonr@senate.gov,5,Paget,Street,Oslo,Oslo,Norway,0492
29,"Kling, Batz and Doyle",slouders@meetup.com,4,Kedzie,Court,Tyszowce,,Poland,22-630
30,Stiedemann LLC,fpoleyet@jiathis.com,3990,Gina,Junction,Macau,,Macao,
31,Green-Marquardt,isheekeyu@aol.com,462,Northwestern,Street,Manūjān,,Iran,
32,"Bins, Labadie and Welch",nbrasteadv@ask.com,67516,Lillian,Trail,Minneapolis,Minnesota,United States,55448
33,DuBuque and Sons,pgosartw@ehow.com,34636,Hermina,Circle,Curridabat,,Costa Rica,11801
34,Towne LLC,nharbackx@tinyurl.com,219,Talmadge,Point,Farroupilha,,Brazil,95180-000
35,Kemmer-Ondricka,bpearsally@cocolog-nifty.com,90776,Crownhardt,Park,Vichadero,,Uruguay,
36,Zemlak LLC,wbewlyz@yolasite.com,6030,Ryan,Terrace,Cahuanuyo,,Peru,
37,Mueller Group,bmillom10@ucoz.ru,1,Mockingbird,Point,Chābahār,,Iran,
38,Abbott-Boyer,skasting11@ehow.com,90588,Hoepker,Junction,Mabayo,,Philippines,2109
39,Hyatt LLC,jwindebank12@huffingtonpost.com,910,Sunnyside,Court,Boyle,,Ireland,F52
40,Grady-Walter,gnorridge13@freewebs.com,4589,Glendale,Terrace,Murzuq,,Libya,
41,Berge-Abbott,sraubenheimer14@ycombinator.com,5784,Melvin,Crossing,Boconó,,Venezuela,
42,"Abshire, Lynch and Homenick",bjarrell15@harvard.edu,99,Garrison,Street,Monte da Pedra,Portalegre,Portugal,7430-315
43,"Kshlerin, McClure and Bailey",jmuffen16@gov.uk,83102,Dovetail,Circle,Bella Vista,,Paraguay,
44,"Koepp, Rice and Littel",mwattingham17@gov.uk,6179,Chinook,Lane,Breia,Braga,Portugal,4830-433
45,Brown-Labadie,jmalicki18@weather.com,552,Fisk,Street,Viçosa,,Brazil,59815-000
46,Welch Inc,hwem19@ebay.com,97,Oriole,Point,Woerden,Provincie Utrecht,Netherlands,3449
47,Thompson Inc,bjayme1a@soundcloud.com,229,Stuart,Road,Fort McMurray,Alberta,Canada,T9J
48,Wehner-Collins,cperford1b@ucla.edu,1,Dennis,Alley,Banjar Bengkelgede,,Indonesia,
49,"Braun, Schinner and Davis",ppeddersen1c@blogspot.com,91210,Thierer,Avenue,Wang Sai Phun,,Thailand,66180
50,Parisian-Gulgowski,wneasham1d@psu.edu,5543,Macpherson,Way,Tōbetsu,,Japan,883-0103
